row,product_name,brand,category,source_large,source_middle,source_small,korean_product_name,english_product_name
1,Cross Stud Strap Wallet Pink / Cross Stud Strap Wallet Pink / 여성 / 소품 / 액세서리,스컬프터 / SCULPTOR,액세서리,여성,소품,액세서리,Cross Stud Strap Wallet Pink,Cross Stud Strap Wallet Pink
2,Moat Tabi Flat / Moat Tabi Flat / 여성 / 신발 / 구두,바이어덜스 / BYOTHERS,구두,여성,신발,구두,Moat Tabi Flat,Moat Tabi Flat
3,[2PACK] V업 3D 플러스 레깅스 XP9156T / [2PACK] V-Up 3D Plus Leggings XP9156T / 여성 / 요가피트니스 / 하의,젝시믹스 / XEXYMIX,하의,여성,요가피트니스,하의,[2PACK] V업 3D 플러스 레깅스 XP9156T,[2PACK] V-Up 3D Plus Leggings XP9156T
4,하든 볼륨 10 JR1598 / Harden Volume 10 JR1598 / 남성 / 신발 / 스포츠화,아디다스 / ADIDAS,스포츠화,남성,신발,스포츠화,하든 볼륨 10 JR1598,Harden Volume 10 JR1598
5,에코 시티 어드벤쳐 클로그 / Eco City Adventure Clog / 남성 / 신발 / 샌들/슬리퍼,크록스 / CROCS,샌들/슬리퍼,남성,신발,샌들/슬리퍼,에코 시티 어드벤쳐 클로그,Eco City Adventure Clog
6,모티프 자수 스트라이프 레이어드 긴팔 티셔츠 BLACK / Motif Embroidered Stripe Layered Long Sleeve T-shirt BLACK / 여성 / 상의 / 긴소매 티셔츠,엘엠알 / LMR,긴소매 티셔츠,여성,상의,긴소매 티셔츠,모티프 자수 스트라이프 레이어드 긴팔 티셔츠 BLACK,Motif Embroidered Stripe Layered Long Sleeve T-shirt BLACK
7,헴 스트링 레이어드 드레스 블랙 / Black hemstring layered dress / 여성 / 원피스/스커트 / 맥시원피스,미치코런던 코시노 / MICHIKO LONDON KOSHINO,맥시원피스,여성,원피스/스커트,맥시원피스,헴 스트링 레이어드 드레스 블랙,Black hemstring layered dress
8,헴 스트링 레이어드 드레스 아이보리 / Hemstring layered dress ivory / 여성 / 원피스/스커트 / 맥시원피스,미치코런던 코시노 / MICHIKO LONDON KOSHINO,맥시원피스,여성,원피스/스커트,맥시원피스,헴 스트링 레이어드 드레스 아이보리,Hemstring layered dress ivory
9,파이어버드 아딜레늄 트랙 팬츠 / Firebird Adilenium Track Pants / 여성 / 바지 / 트레이닝/조거 팬츠,아디다스 / ADIDAS,트레이닝/조거 팬츠,여성,바지,트레이닝/조거 팬츠,파이어버드 아딜레늄 트랙 팬츠,Firebird Adilenium Track Pants
10,SPELL POINT STRIPE KNIT CARDIGAN IN BLACK / SPELL POINT STRIPE KNIT CARDIGAN IN BLACK / 여성 / 아우터 / 카디건,마뗑킴 / MATIN KIM,카디건,여성,아우터,카디건,SPELL POINT STRIPE KNIT CARDIGAN IN BLACK,SPELL POINT STRIPE KNIT CARDIGAN IN BLACK
11,10.6 oz Cotton Short Sleeve Henley Tee White / 10.6 oz Cotton Short Sleeve Henley Tee White / 남성 / 상의 / 반소매 티셔츠,브론슨 / BRONSON,반소매 티셔츠,남성,상의,반소매 티셔츠,10.6 oz Cotton Short Sleeve Henley Tee White,10.6 oz Cotton Short Sleeve Henley Tee White
12,VITANO · WHITE / VITANO · WHITE / 남성 / 스포츠/레저 / 잡화,네오테리아 / NEOTERIA,잡화,남성,스포츠/레저,잡화,VITANO · WHITE,VITANO · WHITE
13,465-1 비건 레더 오버핏 자켓 / 465-1 Vegan Leather Oversized Jacket / 여성 / 아우터 / 레더/라이더스 재킷,레이디 볼륨 / LADY VOLUME,레더/라이더스 재킷,여성,아우터,레더/라이더스 재킷,465-1 비건 레더 오버핏 자켓,465-1 Vegan Leather Oversized Jacket
14,무드먼트 피그먼트 롱슬리브 / Mood pigment long sleeve / 남성 / 상의 / 긴소매 티셔츠,벤힛 / VENHIT,긴소매 티셔츠,남성,상의,긴소매 티셔츠,무드먼트 피그먼트 롱슬리브,Mood pigment long sleeve
15,바이스윙 윈드브레이커 / Biswing Windbreaker / 남성 / 아우터 / 나일론/코치 재킷,폴로 랄프 로렌 / POLO RALPH LAUREN,나일론/코치 재킷,남성,아우터,나일론/코치 재킷,바이스윙 윈드브레이커,Biswing Windbreaker
16,컴피쿠시 올드스쿨 / ComfyCush Old School / 남성 / 신발 / 스니커즈,반스 / VANS,스니커즈,남성,신발,스니커즈,컴피쿠시 올드스쿨,ComfyCush Old School
17,하이넥 white camo (세미오버) 후드집업 / High-neck white camo (semi-oversized) zip-up hoodie / 여성 / 아우터 / 후드 집업,쏘비 / SEW-B,후드 집업,여성,아우터,후드 집업,하이넥 white camo (세미오버) 후드집업,High-neck white camo (semi-oversized) zip-up hoodie
18,NBPDGS114S / MR530LG (SILVER) / NBPDGS114S / MR530LG (SILVER) / 남성 / 신발 / 스니커즈,뉴발란스 / NEW BALANCE,스니커즈,남성,신발,스니커즈,NBPDGS114S / MR530LG (SILVER),NBPDGS114S / MR530LG (SILVER)
19,리브레 CF(1073A073100) 인도어화 / Libre CF(1073A073100) Indoorization / 남성 / 신발 / 스포츠화,아식스 / ASICS,스포츠화,남성,신발,스포츠화,리브레 CF(1073A073100) 인도어화,Libre CF(1073A073100) Indoorization
20,LD-1000 프리미엄 / LD-1000 Premium / 남성 / 신발 / 스니커즈,나이키 / NIKE,스니커즈,남성,신발,스니커즈,LD-1000 프리미엄,LD-1000 Premium
21,[:DOT EDITION] 로미타 플랫폼 밴딩 도트 메리제인 슈즈 FLOTGA1W85 / [:DOT EDITION] Lomita Platform Banding Dot Mary Jane Shoes FLOTGA1W85 / 여성 / 신발 / 구두,오찌 / OTZ,구두,여성,신발,구두,[:DOT EDITION] 로미타 플랫폼 밴딩 도트 메리제인 슈즈 FLOTGA1W85,[:DOT EDITION] Lomita Platform Banding Dot Mary Jane Shoes FLOTGA1W85
22,루케 아일렛 레이스업 코르셋 굴림 반팔 티 (2컬러) / Luke Eyelet Lace-up Corset Rolled Short Sleeve T-shirt (2 Colors) / 여성 / 상의 / 반소매 티셔츠,무센트 / MUCENT,반소매 티셔츠,여성,상의,반소매 티셔츠,루케 아일렛 레이스업 코르셋 굴림 반팔 티 (2컬러),Luke Eyelet Lace-up Corset Rolled Short Sleeve T-shirt (2 Colors)
23,빈티지 오버 듀플린 체크 셔츠 / Vintage Over Duplin Check Shirt / 남성 / 상의 / 셔츠/블라우스,테이크이지 / TAKEASY,셔츠/블라우스,남성,상의,셔츠/블라우스,빈티지 오버 듀플린 체크 셔츠,Vintage Over Duplin Check Shirt
24,이클립스 라이트팩 15/20L (4 color) / Eclipse Light Pack 15/20L (4 colors) / 남성 / 스포츠/레저 / 가방,헬리녹스 웨어 / HELINOX WEAR,가방,남성,스포츠/레저,가방,이클립스 라이트팩 15/20L (4 color),Eclipse Light Pack 15/20L (4 colors)
25,브루니 커브드 데님팬츠 (생지) / Bruni Curved Denim Pants (Raw) / 남성 / 바지 / 데님 팬츠,어널러코드 / ANOLORCODE,데님 팬츠,남성,바지,데님 팬츠,브루니 커브드 데님팬츠 (생지),Bruni Curved Denim Pants (Raw)
26,MATIN KIM LOGO COATING JUMPER FOR MEN IN BLACK / MATIN KIM LOGO COATING JUMPER FOR MEN IN BLACK / 남성 / 아우터 / 나일론/코치 재킷,마뗑킴 / MATIN KIM,나일론/코치 재킷,남성,아우터,나일론/코치 재킷,MATIN KIM LOGO COATING JUMPER FOR MEN IN BLACK,MATIN KIM LOGO COATING JUMPER FOR MEN IN BLACK
27,[ON]워셔블 스트라이프 헨리넥 반팔 니트 / [ON] Washable Striped Henley Neck Short Sleeve Knit / 남성 / 상의 / 니트/스웨터,마인드브릿지 / MINDBRIDGE,니트/스웨터,남성,상의,니트/스웨터,[ON]워셔블 스트라이프 헨리넥 반팔 니트,[ON] Washable Striped Henley Neck Short Sleeve Knit
28,SNYDER DISTRESSED DENIM (BLUE) / SNYDER DISTRESSED DENIM (BLUE) / 여성 / 바지 / 데님 팬츠,2000아카이브스 / 2000ARCHIVES,데님 팬츠,여성,바지,데님 팬츠,SNYDER DISTRESSED DENIM (BLUE),SNYDER DISTRESSED DENIM (BLUE)
29,[ON]워셔블 멀티 스트라이프 카라 반팔 니트 / [ON] Washable Multi-Stripe Collared Short Sleeve Knit / 남성 / 상의 / 니트/스웨터,마인드브릿지 / MINDBRIDGE,니트/스웨터,남성,상의,니트/스웨터,[ON]워셔블 멀티 스트라이프 카라 반팔 니트,[ON] Washable Multi-Stripe Collared Short Sleeve Knit
30,[ON]워셔블 코튼 혼방 카라 반팔 니트 / [ON] Washable Cotton Blend Collared Short Sleeve Knit / 남성 / 상의 / 니트/스웨터,마인드브릿지 / MINDBRIDGE,니트/스웨터,남성,상의,니트/스웨터,[ON]워셔블 코튼 혼방 카라 반팔 니트,[ON] Washable Cotton Blend Collared Short Sleeve Knit
31,post 세미크롭 반팔티 [그레이 멜란지] / post Semi-cropped short-sleeve tee [Gray Melange] / 여성 / 상의 / 반소매 티셔츠,쏘비 / SEW-B,반소매 티셔츠,여성,상의,반소매 티셔츠,post 세미크롭 반팔티 [그레이 멜란지],post Semi-cropped short-sleeve tee [Gray Melange]
32,post 세미크롭 반팔티 [네이비] / post Semi-cropped short-sleeve tee [Navy] / 여성 / 상의 / 반소매 티셔츠,쏘비 / SEW-B,반소매 티셔츠,여성,상의,반소매 티셔츠,post 세미크롭 반팔티 [네이비],post Semi-cropped short-sleeve tee [Navy]
33,보메로 18 / Vomero 18 / 여성 / 스니커즈 / 패션스니커즈화,나이키 / NIKE,패션스니커즈화,여성,스니커즈,패션스니커즈화,보메로 18,Vomero 18
34,시그니처 도트 슬림 반팔티(2color) / Signature Dot Slim Short Sleeve T-shirt (2 colors) / 여성 / 상의 / 반소매 티셔츠,케이케이이이이 / KKEEE,반소매 티셔츠,여성,상의,반소매 티셔츠,시그니처 도트 슬림 반팔티(2color),Signature Dot Slim Short Sleeve T-shirt (2 colors)
35,여성 오버롤 원피스 CARBON BLACK / Women's Overall Dress CARBON BLACK / 여성 / 스포츠/레저 / 원피스,내셔널지오그래픽 / NATIONALGEOGRAPHIC,원피스,여성,스포츠/레저,원피스,여성 오버롤 원피스 CARBON BLACK,Women's Overall Dress CARBON BLACK
36,여성 오버롤 원피스 SILVER GREY / Women's Overalls Dress Silver Grey / 여성 / 스포츠/레저 / 원피스,내셔널지오그래픽 / NATIONALGEOGRAPHIC,원피스,여성,스포츠/레저,원피스,여성 오버롤 원피스 SILVER GREY,Women's Overalls Dress Silver Grey
37,홀스슈 아플리케 팬츠 (블랙) / Horseshoe Applique Pants (Black) / 여성 / 바지 / 코튼 팬츠,탄산마그네슘 / TANSANMAGNESIUM,코튼 팬츠,여성,바지,코튼 팬츠,홀스슈 아플리케 팬츠 (블랙),Horseshoe Applique Pants (Black)
38,크로스 스티치 레더 비니 / Cross-stitch leather beanie / 여성 / 소품 / 모자,탄산마그네슘 / TANSANMAGNESIUM,모자,여성,소품,모자,크로스 스티치 레더 비니,Cross-stitch leather beanie
39,나그랑 스타링 롱슬리브 (그레이) / Raglan Starring Long Sleeve (Gray) / 여성 / 상의 / 긴소매 티셔츠,탄산마그네슘 / TANSANMAGNESIUM,긴소매 티셔츠,여성,상의,긴소매 티셔츠,나그랑 스타링 롱슬리브 (그레이),Raglan Starring Long Sleeve (Gray)
40,나그랑 혼 롱슬리브 (그레이) / Raglan Horn Long Sleeve (Gray) / 여성 / 상의 / 긴소매 티셔츠,탄산마그네슘 / TANSANMAGNESIUM,긴소매 티셔츠,여성,상의,긴소매 티셔츠,나그랑 혼 롱슬리브 (그레이),Raglan Horn Long Sleeve (Gray)
41,아일렛 오프넥 니트 집업 / Eyelet off-neck knit zip-up / 여성 / 상의 / 니트/스웨터,탄산마그네슘 / TANSANMAGNESIUM,니트/스웨터,여성,상의,니트/스웨터,아일렛 오프넥 니트 집업,Eyelet off-neck knit zip-up
42,사이드 포켓 후드집업 (화이트) / Side Pocket Zip-Up Hoodie (White) / 여성 / 아우터 / 후드 집업,탄산마그네슘 / TANSANMAGNESIUM,후드 집업,여성,아우터,후드 집업,사이드 포켓 후드집업 (화이트),Side Pocket Zip-Up Hoodie (White)
43,버튼 래빗 비니 (블랙) / Button Rabbit Beanie (Black) / 여성 / 소품 / 모자,탄산마그네슘 / TANSANMAGNESIUM,모자,여성,소품,모자,버튼 래빗 비니 (블랙),Button Rabbit Beanie (Black)
44,버튼 캣 비니 (블랙) / Button Cat Beanie (Black) / 여성 / 소품 / 모자,탄산마그네슘 / TANSANMAGNESIUM,모자,여성,소품,모자,버튼 캣 비니 (블랙),Button Cat Beanie (Black)
45,로고 드레이프 비니 (블랙) / Logo Drape Beanie (Black) / 여성 / 소품 / 모자,탄산마그네슘 / TANSANMAGNESIUM,모자,여성,소품,모자,로고 드레이프 비니 (블랙),Logo Drape Beanie (Black)
46,로고 드레이프 비니 (차콜) / Logo Drape Beanie (Charcoal) / 여성 / 소품 / 모자,탄산마그네슘 / TANSANMAGNESIUM,모자,여성,소품,모자,로고 드레이프 비니 (차콜),Logo Drape Beanie (Charcoal)
47,버튼 니트 헤어밴드 (차콜) / Button Knit Hairband (Charcoal) / 여성 / 소품 / 주얼리,탄산마그네슘 / TANSANMAGNESIUM,주얼리,여성,소품,주얼리,버튼 니트 헤어밴드 (차콜),Button Knit Hairband (Charcoal)
48,버튼 니트 헤어밴드 (그레이) / Button Knit Hairband (Gray) / 여성 / 소품 / 주얼리,탄산마그네슘 / TANSANMAGNESIUM,주얼리,여성,소품,주얼리,버튼 니트 헤어밴드 (그레이),Button Knit Hairband (Gray)
49,프론트 빅포켓 데님팬츠 / Front big pocket denim pants / 여성 / 바지 / 데님 팬츠,탄산마그네슘 / TANSANMAGNESIUM,데님 팬츠,여성,바지,데님 팬츠,프론트 빅포켓 데님팬츠,Front big pocket denim pants
50,코튼 와이드 카고 팬츠 (브라운) / Cotton Wide Cargo Pants (Brown) / 여성 / 바지 / 코튼 팬츠,탄산마그네슘 / TANSANMAGNESIUM,코튼 팬츠,여성,바지,코튼 팬츠,코튼 와이드 카고 팬츠 (브라운),Cotton Wide Cargo Pants (Brown)
51,코튼 와이드 카고 팬츠 (차콜) / Cotton Wide Cargo Pants (Charcoal) / 여성 / 바지 / 코튼 팬츠,탄산마그네슘 / TANSANMAGNESIUM,코튼 팬츠,여성,바지,코튼 팬츠,코튼 와이드 카고 팬츠 (차콜),Cotton Wide Cargo Pants (Charcoal)
52,절개 아일렛 티셔츠 (카키) / Cutout Eyelet T-shirt (Khaki) / 여성 / 상의 / 반소매 티셔츠,탄산마그네슘 / TANSANMAGNESIUM,반소매 티셔츠,여성,상의,반소매 티셔츠,절개 아일렛 티셔츠 (카키),Cutout Eyelet T-shirt (Khaki)
53,사이드 더블 지퍼 카고 팬츠 (라이트 그레이) / Side Double Zipper Cargo Pants (Light Grey) / 여성 / 바지 / 코튼 팬츠,탄산마그네슘 / TANSANMAGNESIUM,코튼 팬츠,여성,바지,코튼 팬츠,사이드 더블 지퍼 카고 팬츠 (라이트 그레이),Side Double Zipper Cargo Pants (Light Grey)
54,사이드 더블 지퍼 카고 팬츠 (라이트 베이지) / Side Double Zipper Cargo Pants (Light Beige) / 여성 / 바지 / 코튼 팬츠,탄산마그네슘 / TANSANMAGNESIUM,코튼 팬츠,여성,바지,코튼 팬츠,사이드 더블 지퍼 카고 팬츠 (라이트 베이지),Side Double Zipper Cargo Pants (Light Beige)
55,혼 아플리케 사이드 지퍼 후드집업 (차콜) / Horn Applique Side Zipper Hoodie (Charcoal) / 여성 / 아우터 / 후드 집업,탄산마그네슘 / TANSANMAGNESIUM,후드 집업,여성,아우터,후드 집업,혼 아플리케 사이드 지퍼 후드집업 (차콜),Horn Applique Side Zipper Hoodie (Charcoal)
56,혼 아플리케 사이드 지퍼 후드집업 (화이트) / Horn Applique Side Zipper Hoodie (White) / 여성 / 아우터 / 후드 집업,탄산마그네슘 / TANSANMAGNESIUM,후드 집업,여성,아우터,후드 집업,혼 아플리케 사이드 지퍼 후드집업 (화이트),Horn Applique Side Zipper Hoodie (White)
57,투웨이 레이어드 롱슬리브 (3 Color) / Two-way layered long sleeves (3 colors) / 여성 / 상의 / 긴소매 티셔츠,탄산마그네슘 / TANSANMAGNESIUM,긴소매 티셔츠,여성,상의,긴소매 티셔츠,투웨이 레이어드 롱슬리브 (3 Color),Two-way layered long sleeves (3 colors)
58,절개 아일렛 티셔츠 (차콜) / Cut-out Eyelet T-shirt (Charcoal) / 여성 / 상의 / 반소매 티셔츠,탄산마그네슘 / TANSANMAGNESIUM,반소매 티셔츠,여성,상의,반소매 티셔츠,절개 아일렛 티셔츠 (차콜),Cut-out Eyelet T-shirt (Charcoal)
59,로고 베이직 슬리브리스 (그레이) / Logo Basic Sleeveless (Gray) / 여성 / 상의 / 민소매 티셔츠,탄산마그네슘 / TANSANMAGNESIUM,민소매 티셔츠,여성,상의,민소매 티셔츠,로고 베이직 슬리브리스 (그레이),Logo Basic Sleeveless (Gray)
60,로고 베이직 슬리브리스 (스트라이프 그레이) / Logo Basic Sleeveless (Stripe Gray) / 여성 / 상의 / 민소매 티셔츠,탄산마그네슘 / TANSANMAGNESIUM,민소매 티셔츠,여성,상의,민소매 티셔츠,로고 베이직 슬리브리스 (스트라이프 그레이),Logo Basic Sleeveless (Stripe Gray)
61,원숄더 아일렛 롱슬리브 (네이비) / One-shoulder eyelet long sleeve (navy) / 여성 / 상의 / 긴소매 티셔츠,탄산마그네슘 / TANSANMAGNESIUM,긴소매 티셔츠,여성,상의,긴소매 티셔츠,원숄더 아일렛 롱슬리브 (네이비),One-shoulder eyelet long sleeve (navy)
62,원숄더 아일렛 롱슬리브 (레몬) / One-shoulder eyelet long sleeve (Lemon) / 여성 / 상의 / 긴소매 티셔츠,탄산마그네슘 / TANSANMAGNESIUM,긴소매 티셔츠,여성,상의,긴소매 티셔츠,원숄더 아일렛 롱슬리브 (레몬),One-shoulder eyelet long sleeve (Lemon)
63,원숄더 아일렛 롱슬리브 (그레이) / One-shoulder eyelet long sleeve (gray) / 여성 / 상의 / 긴소매 티셔츠,탄산마그네슘 / TANSANMAGNESIUM,긴소매 티셔츠,여성,상의,긴소매 티셔츠,원숄더 아일렛 롱슬리브 (그레이),One-shoulder eyelet long sleeve (gray)
64,로고 베이직 슬리브리스 (민트) / Logo Basic Sleeveless (Mint) / 여성 / 상의 / 민소매 티셔츠,탄산마그네슘 / TANSANMAGNESIUM,민소매 티셔츠,여성,상의,민소매 티셔츠,로고 베이직 슬리브리스 (민트),Logo Basic Sleeveless (Mint)
65,빈티지 패턴 미디 스커트 (블루 데님) / Vintage pattern midi skirt (blue denim) / 여성 / 원피스/스커트 / 미디스커트,허그유어스킨 / HUG YOUR SKIN,미디스커트,여성,원피스/스커트,미디스커트,빈티지 패턴 미디 스커트 (블루 데님),Vintage pattern midi skirt (blue denim)
66,빈티지 패턴 미디 스커트 (블랙 데님) / Vintage pattern midi skirt (black denim) / 여성 / 원피스/스커트 / 미디스커트,허그유어스킨 / HUG YOUR SKIN,미디스커트,여성,원피스/스커트,미디스커트,빈티지 패턴 미디 스커트 (블랙 데님),Vintage pattern midi skirt (black denim)
67,리클라 메리제인 스니커즈 (3cm) / Recla Mary Jane Sneakers (3cm) / 여성 / 신발 / 스니커즈,사뿐 / SAPPUN,스니커즈,여성,신발,스니커즈,리클라 메리제인 스니커즈 (3cm),Recla Mary Jane Sneakers (3cm)
68,스탬프 패치 데이 팩 (Blue) / Stamp Patch Day Pack (Blue) / 여성 / 가방 / 백팩,엔조 블루스 / ENZO BLUES,백팩,여성,가방,백팩,스탬프 패치 데이 팩 (Blue),Stamp Patch Day Pack (Blue)
69,스트라이프 박시 LST (Green Stripe) / Striped Boxy LST (Green Stripe) / 여성 / 상의 / 긴소매 티셔츠,엔조 블루스 / ENZO BLUES,긴소매 티셔츠,여성,상의,긴소매 티셔츠,스트라이프 박시 LST (Green Stripe),Striped Boxy LST (Green Stripe)
70,믹스 체크 머플러 (Sky) / Mixed Check Scarf (Sky) / 여성 / 소품 / 머플러,엔조 블루스 / ENZO BLUES,머플러,여성,소품,머플러,믹스 체크 머플러 (Sky),Mixed Check Scarf (Sky)
71,탄산 로고 쇼퍼백 (그레이) / Carbonated Logo Shopper Bag (Gray) / 남성 / 가방 / 숄더백,탄산마그네슘 / TANSANMAGNESIUM,숄더백,남성,가방,숄더백,탄산 로고 쇼퍼백 (그레이),Carbonated Logo Shopper Bag (Gray)
72,프로스 밴드 스웻팬츠 (CHERRY RED) F26QD158 / Pros Band Sweatpants (CHERRY RED) F26QD158 / 여성 / 바지 / 트레이닝/조거 팬츠,팬시클럽 / FANCY CLUB,트레이닝/조거 팬츠,여성,바지,트레이닝/조거 팬츠,프로스 밴드 스웻팬츠 (CHERRY RED) F26QD158,Pros Band Sweatpants (CHERRY RED) F26QD158
73,프로스 밴드 스웻팬츠 (BLACK) F26QD158 / Pros Band Sweatpants (BLACK) F26QD158 / 여성 / 바지 / 트레이닝/조거 팬츠,팬시클럽 / FANCY CLUB,트레이닝/조거 팬츠,여성,바지,트레이닝/조거 팬츠,프로스 밴드 스웻팬츠 (BLACK) F26QD158,Pros Band Sweatpants (BLACK) F26QD158
74,프로스 밴드 스웻팬츠 (SKY BLUE) F26QD158 / Pros Band Sweatpants (SKY BLUE) F26QD158 / 여성 / 바지 / 트레이닝/조거 팬츠,팬시클럽 / FANCY CLUB,트레이닝/조거 팬츠,여성,바지,트레이닝/조거 팬츠,프로스 밴드 스웻팬츠 (SKY BLUE) F26QD158,Pros Band Sweatpants (SKY BLUE) F26QD158
75,프로스 밴드 스웻팬츠 (IVORY) F26QD158 / Pros Band Sweatpants (IVORY) F26QD158 / 여성 / 바지 / 트레이닝/조거 팬츠,팬시클럽 / FANCY CLUB,트레이닝/조거 팬츠,여성,바지,트레이닝/조거 팬츠,프로스 밴드 스웻팬츠 (IVORY) F26QD158,Pros Band Sweatpants (IVORY) F26QD158
76,NEW HALTER NECK LACE SLEEVELESS_GREY / NEW HALTER NECK LACE SLEEVELESS_GREY / 여성 / 상의 / 민소매 티셔츠,오버듀플레어 / OVERDUEFLAIR,민소매 티셔츠,여성,상의,민소매 티셔츠,NEW HALTER NECK LACE SLEEVELESS_GREY,NEW HALTER NECK LACE SLEEVELESS_GREY
77,NEW HALTER NECK LACE SLEEVELESS_WHITE / NEW HALTER NECK LACE SLEEVELESS_WHITE / 여성 / 상의 / 민소매 티셔츠,오버듀플레어 / OVERDUEFLAIR,민소매 티셔츠,여성,상의,민소매 티셔츠,NEW HALTER NECK LACE SLEEVELESS_WHITE,NEW HALTER NECK LACE SLEEVELESS_WHITE
78,스튜디오할 로퍼 2color / Studio Hal Loafers 2 colors / 여성 / 신발 / 구두,모그어스 / MOGAUS,구두,여성,신발,구두,스튜디오할 로퍼 2color,Studio Hal Loafers 2 colors
79,[SPAO X Miseki seoul] 파자마 (WHITE)_SPPPG25U13 / [SPAO X Miseki seoul] Pajamas (WHITE)_SPPPG25U13 / 여성 / 속옷/홈웨어 / 홈웨어,스파오 / SPAO,홈웨어,여성,속옷/홈웨어,홈웨어,[SPAO X Miseki seoul] 파자마 (WHITE)_SPPPG25U13,[SPAO X Miseki seoul] Pajamas (WHITE)_SPPPG25U13
80,W SYMBOL B HALTER NECK BRA TOP [WHITE] / W SYMBOL B HALTER NECK BRA TOP [WHITE] / 여성 / 상의 / 민소매 티셔츠,본투윈 / BORN TO WIN,민소매 티셔츠,여성,상의,민소매 티셔츠,W SYMBOL B HALTER NECK BRA TOP [WHITE],W SYMBOL B HALTER NECK BRA TOP [WHITE]
81,W SYMBOL B HALTER NECK BRA TOP [NAVY] / W SYMBOL B HALTER NECK BRA TOP [NAVY] / 여성 / 상의 / 민소매 티셔츠,본투윈 / BORN TO WIN,민소매 티셔츠,여성,상의,민소매 티셔츠,W SYMBOL B HALTER NECK BRA TOP [NAVY],W SYMBOL B HALTER NECK BRA TOP [NAVY]
82,W SYMBOL B HALTER NECK BRA TOP [BLACK] / W SYMBOL B HALTER NECK BRA TOP [BLACK] / 여성 / 상의 / 민소매 티셔츠,본투윈 / BORN TO WIN,민소매 티셔츠,여성,상의,민소매 티셔츠,W SYMBOL B HALTER NECK BRA TOP [BLACK],W SYMBOL B HALTER NECK BRA TOP [BLACK]
83,골반볼륨업 로우웨스트 연중청 숏팬츠_골반뽕 청바지 / Hip-Boosting Low-Waist Light Blue Shorts_Hip-Padding Jeans / 여성 / 상의 / 니트/스웨터,카인다미 / KINDAME,니트/스웨터,여성,상의,니트/스웨터,골반볼륨업 로우웨스트 연중청 숏팬츠_골반뽕 청바지,Hip-Boosting Low-Waist Light Blue Shorts_Hip-Padding Jeans
84,골반볼륨업 로우웨스트 중진청 숏팬츠_골반뽕 청바지 / Hip Volume Up Low-Waist Mid-Dark Blue Shorts_Hip-Padding Jeans / 여성 / 바지 / 트레이닝/조거 팬츠,카인다미 / KINDAME,트레이닝/조거 팬츠,여성,바지,트레이닝/조거 팬츠,골반볼륨업 로우웨스트 중진청 숏팬츠_골반뽕 청바지,Hip Volume Up Low-Waist Mid-Dark Blue Shorts_Hip-Padding Jeans
85,골반볼륨업 로우웨스트 백아이보리 숏팬츠_골반뽕 청바지 / Hip Volume Up Low-Waist Back Ivory Shorts_Hip-Padding Jeans / 여성 / 상의 / 긴소매 티셔츠,카인다미 / KINDAME,긴소매 티셔츠,여성,상의,긴소매 티셔츠,골반볼륨업 로우웨스트 백아이보리 숏팬츠_골반뽕 청바지,Hip Volume Up Low-Waist Back Ivory Shorts_Hip-Padding Jeans
86,골반볼륨업 로우웨스트 블랙 숏팬츠_골반뽕 청바지 / Hip Volume Up Low-Waist Black Shorts_Hip-Padding Jeans / 여성 / 상의 / 반소매 티셔츠,카인다미 / KINDAME,반소매 티셔츠,여성,상의,반소매 티셔츠,골반볼륨업 로우웨스트 블랙 숏팬츠_골반뽕 청바지,Hip Volume Up Low-Waist Black Shorts_Hip-Padding Jeans
87,골반볼륨업 반하이_뉴진스 진청 와이드진_골반뽕청바지 / Hip Volume Up Semi-High Waist_New Jeans Dark Blue Wide Jeans_Hip-Padding Jeans / 여성 / 상의 / 셔츠/블라우스,카인다미 / KINDAME,셔츠/블라우스,여성,상의,셔츠/블라우스,골반볼륨업 반하이_뉴진스 진청 와이드진_골반뽕청바지,Hip Volume Up Semi-High Waist_New Jeans Dark Blue Wide Jeans_Hip-Padding Jeans
88,골반볼륨업 하이웨스트 세미 부츠컷_골반뽕 청바지_흑청 / Hip-Boosting High-Waisted Semi-Bootcut Jeans_Hip-Padding Jeans_Dark Denim / 여성 / 상의 / 반소매 티셔츠,카인다미 / KINDAME,반소매 티셔츠,여성,상의,반소매 티셔츠,골반볼륨업 하이웨스트 세미 부츠컷_골반뽕 청바지_흑청,Hip-Boosting High-Waisted Semi-Bootcut Jeans_Hip-Padding Jeans_Dark Denim
89,골반볼륨업 하이웨스트 세미 부츠컷_골반뽕 청바지_진청 / Hip Volume Up High-Waisted Semi-Bootcut Jeans_Hip-Padding Jeans_Dark Blue / 여성 / 상의 / 반소매 티셔츠,카인다미 / KINDAME,반소매 티셔츠,여성,상의,반소매 티셔츠,골반볼륨업 하이웨스트 세미 부츠컷_골반뽕 청바지_진청,Hip Volume Up High-Waisted Semi-Bootcut Jeans_Hip-Padding Jeans_Dark Blue
90,골반볼륨업 하이웨스트 세미 부츠컷_골반뽕 청바지_중청 / Hip Volume Up High-Waisted Semi-Bootcut Jeans_Hip-Padding Jeans_Medium Blue / 여성 / 상의 / 민소매 티셔츠,카인다미 / KINDAME,민소매 티셔츠,여성,상의,민소매 티셔츠,골반볼륨업 하이웨스트 세미 부츠컷_골반뽕 청바지_중청,Hip Volume Up High-Waisted Semi-Bootcut Jeans_Hip-Padding Jeans_Medium Blue
91,골반볼륨업 하이웨스트 세미 부츠컷_골반뽕 청바지_연청 / Hip-Boosting High-Waisted Semi-Bootcut Jeans_Hip-Padding Jeans_Light Wash / 여성 / 상의 / 셔츠/블라우스,카인다미 / KINDAME,셔츠/블라우스,여성,상의,셔츠/블라우스,골반볼륨업 하이웨스트 세미 부츠컷_골반뽕 청바지_연청,Hip-Boosting High-Waisted Semi-Bootcut Jeans_Hip-Padding Jeans_Light Wash
92,골반볼륨업 로우웨스트 중진청 세미 부츠컷_골반뽕 청바지 / Hip Volume Up Low-Waist Mid-Dark Blue Semi-Bootcut_Hip-Padding Jeans / 여성 / 바지 / 데님 팬츠,카인다미 / KINDAME,데님 팬츠,여성,바지,데님 팬츠,골반볼륨업 로우웨스트 중진청 세미 부츠컷_골반뽕 청바지,Hip Volume Up Low-Waist Mid-Dark Blue Semi-Bootcut_Hip-Padding Jeans
93,슬림워싱 화이트틴 연중청 부츠컷 / Slim Wash White Teen Light Blue Bootcut / 여성 / 바지 / 데님 팬츠,카인다미 / KINDAME,데님 팬츠,여성,바지,데님 팬츠,슬림워싱 화이트틴 연중청 부츠컷,Slim Wash White Teen Light Blue Bootcut
94,골반볼륨업 슬림워싱 연중청 세미 부츠컷_골반뽕 청바지 / Hip Volume Up Slim Wash Light Blue Semi Bootcut_Hip-Padding Jeans / 여성 / 바지 / 데님 팬츠,카인다미 / KINDAME,데님 팬츠,여성,바지,데님 팬츠,골반볼륨업 슬림워싱 연중청 세미 부츠컷_골반뽕 청바지,Hip Volume Up Slim Wash Light Blue Semi Bootcut_Hip-Padding Jeans
95,제니 트레이닝 스커트 / Jennie training skirt / 여성 / 원피스/스커트 / 미니스커트,카인다미 / KINDAME,미니스커트,여성,원피스/스커트,미니스커트,제니 트레이닝 스커트,Jennie training skirt
96,브이넥 플리츠 원피스 / V-neck pleated dress / 여성 / 원피스/스커트 / 미니원피스,카인다미 / KINDAME,미니원피스,여성,원피스/스커트,미니원피스,브이넥 플리츠 원피스,V-neck pleated dress
97,캡소매 니트 셔츠 원피스 / Cap-sleeve knit shirt dress / 여성 / 원피스/스커트 / 미니원피스,카인다미 / KINDAME,미니원피스,여성,원피스/스커트,미니원피스,캡소매 니트 셔츠 원피스,Cap-sleeve knit shirt dress
98,니트 셔츠 원피스 / knit shirt dress / 여성 / 원피스/스커트 / 미니원피스,카인다미 / KINDAME,미니원피스,여성,원피스/스커트,미니원피스,니트 셔츠 원피스,knit shirt dress
99,플레어 트레이닝 스커트 (숏/롱) / Flare Training Skirt (Short/Long) / 여성 / 원피스/스커트 / 미니스커트,카인다미 / KINDAME,미니스커트,여성,원피스/스커트,미니스커트,플레어 트레이닝 스커트 (숏/롱),Flare Training Skirt (Short/Long)
100,플리츠 트레이닝 스커트 (숏/롱) / Pleated Training Skirt (Short/Long) / 여성 / 원피스/스커트 / 미니스커트,카인다미 / KINDAME,미니스커트,여성,원피스/스커트,미니스커트,플리츠 트레이닝 스커트 (숏/롱),Pleated Training Skirt (Short/Long)
101,에센셜 부츠컷 레깅스 / Essential bootcut leggings / 여성 / 바지 / 트레이닝/조거 팬츠,카인다미 / KINDAME,트레이닝/조거 팬츠,여성,바지,트레이닝/조거 팬츠,에센셜 부츠컷 레깅스,Essential bootcut leggings
102,트랙 골지 후드집업 / Track ribbed zip-up hoodie / 여성 / 아우터 / 후드 집업,카인다미 / KINDAME,후드 집업,여성,아우터,후드 집업,트랙 골지 후드집업,Track ribbed zip-up hoodie
103,데님 벨트 튜브탑 / denim belt tube top / 여성 / 상의 / 민소매 티셔츠,카인다미 / KINDAME,민소매 티셔츠,여성,상의,민소매 티셔츠,데님 벨트 튜브탑,denim belt tube top
104,데님 벨트 스커트 / denim belt skirt / 여성 / 원피스/스커트 / 미니스커트,카인다미 / KINDAME,미니스커트,여성,원피스/스커트,미니스커트,데님 벨트 스커트,denim belt skirt
105,골반볼륨업 로우웨스트 부츠컷_골반뽕청바지(화이트) / Hip Volume Up Low-Waist Bootcut_Hip-Padded Jeans (White) / 여성 / 바지 / 데님 팬츠,카인다미 / KINDAME,데님 팬츠,여성,바지,데님 팬츠,골반볼륨업 로우웨스트 부츠컷_골반뽕청바지(화이트),Hip Volume Up Low-Waist Bootcut_Hip-Padded Jeans (White)
106,골반볼륨업 로우웨스트 부츠컷_골반뽕청바지 (블랙) / Hip Volume Up Low-Waist Bootcut_Hip-Padded Jeans (Black) / 여성 / 바지 / 데님 팬츠,카인다미 / KINDAME,데님 팬츠,여성,바지,데님 팬츠,골반볼륨업 로우웨스트 부츠컷_골반뽕청바지 (블랙),Hip Volume Up Low-Waist Bootcut_Hip-Padded Jeans (Black)
107,데님 버튼 튜브탑 / Denim button tube top / 여성 / 상의 / 민소매 티셔츠,카인다미 / KINDAME,민소매 티셔츠,여성,상의,민소매 티셔츠,데님 버튼 튜브탑,Denim button tube top
108,플리츠 니트 스커트 / Pleated knit skirt / 여성 / 원피스/스커트 / 미니스커트,카인다미 / KINDAME,미니스커트,여성,원피스/스커트,미니스커트,플리츠 니트 스커트,Pleated knit skirt
109,홀터넥 니트 셔츠 / Halterneck knit shirt / 여성 / 상의 / 니트/스웨터,카인다미 / KINDAME,니트/스웨터,여성,상의,니트/스웨터,홀터넥 니트 셔츠,Halterneck knit shirt
110,클래식 플리츠 스커트 (숏/롱) / Classic Pleated Skirt (Short/Long) / 여성 / 원피스/스커트 / 미니스커트,카인다미 / KINDAME,미니스커트,여성,원피스/스커트,미니스커트,클래식 플리츠 스커트 (숏/롱),Classic Pleated Skirt (Short/Long)
111,클래식 H라인 스커트 (숏/롱) / Classic H-line Skirt (Short/Long) / 여성 / 원피스/스커트 / 미니스커트,카인다미 / KINDAME,미니스커트,여성,원피스/스커트,미니스커트,클래식 H라인 스커트 (숏/롱),Classic H-line Skirt (Short/Long)
112,니트 심리스 옆가슴 볼륨업 백리스 브라 / Knit seamless backless bra for side bust volume enhancement / 여성 / 속옷/홈웨어,카인다미 / KINDAME,미분류,여성,속옷/홈웨어,,니트 심리스 옆가슴 볼륨업 백리스 브라,Knit seamless backless bra for side bust volume enhancement
113,케이블 폴딩 니트 스커트 / Cable folding knit skirt / 여성 / 원피스/스커트 / 미니스커트,카인다미 / KINDAME,미니스커트,여성,원피스/스커트,미니스커트,케이블 폴딩 니트 스커트,Cable folding knit skirt
114,기본볼륨 캡내장 레이어드 골지티 / Basic Volume Built-in Cap Layered Ribbed Tee / 여성 / 상의 / 긴소매 티셔츠,카인다미 / KINDAME,긴소매 티셔츠,여성,상의,긴소매 티셔츠,기본볼륨 캡내장 레이어드 골지티,Basic Volume Built-in Cap Layered Ribbed Tee
115,스트랩 니트 블라우스+가디건 세트 / Strap knit blouse + cardigan set / 여성 / 상의 / 셔츠/블라우스,카인다미 / KINDAME,셔츠/블라우스,여성,상의,셔츠/블라우스,스트랩 니트 블라우스+가디건 세트,Strap knit blouse + cardigan set
116,드레이프 버튼 반폴라 / Drape button mock turtleneck / 여성 / 상의 / 긴소매 티셔츠,카인다미 / KINDAME,긴소매 티셔츠,여성,상의,긴소매 티셔츠,드레이프 버튼 반폴라,Drape button mock turtleneck
117,케이블 슬림  니트 가디건 / Cable slim knit cardigan / 여성 / 상의 / 니트/스웨터,카인다미 / KINDAME,니트/스웨터,여성,상의,니트/스웨터,케이블 슬림  니트 가디건,Cable slim knit cardigan
118,멀티 타이 사이드 버튼 티셔츠 / Multi-tie side button T-shirt / 여성 / 상의 / 긴소매 티셔츠,카인다미 / KINDAME,긴소매 티셔츠,여성,상의,긴소매 티셔츠,멀티 타이 사이드 버튼 티셔츠,Multi-tie side button T-shirt
119,프린지 트위드 패딩 코트 / Fringe tweed padded coat / 여성 / 아우터 / 환절기 코트,카인다미 / KINDAME,환절기 코트,여성,아우터,환절기 코트,프린지 트위드 패딩 코트,Fringe tweed padded coat
120,배색 바시티 자켓 / Color-block varsity jacket / 여성 / 아우터 / 숏패딩/헤비 아우터,카인다미 / KINDAME,숏패딩/헤비 아우터,여성,아우터,숏패딩/헤비 아우터,배색 바시티 자켓,Color-block varsity jacket
121,벨벳 리본 코듀로이 플리츠 미니스커트 / Velvet ribbon corduroy pleated mini skirt / 여성 / 원피스/스커트 / 미니스커트,카인다미 / KINDAME,미니스커트,여성,원피스/스커트,미니스커트,벨벳 리본 코듀로이 플리츠 미니스커트,Velvet ribbon corduroy pleated mini skirt
122,벨벳 캉캉 미니스커트 / Velvet tiered miniskirt / 여성 / 원피스/스커트 / 미니스커트,카인다미 / KINDAME,미니스커트,여성,원피스/스커트,미니스커트,벨벳 캉캉 미니스커트,Velvet tiered miniskirt
123,스트라이프 니트 팬츠 / striped knit pants / 여성 / 바지 / 코튼 팬츠,카인다미 / KINDAME,코튼 팬츠,여성,바지,코튼 팬츠,스트라이프 니트 팬츠,striped knit pants
124,투웨이 오프숄더 스트라이프 니트 후드 / Two-way off-shoulder striped knit hoodie / 여성 / 상의 / 니트/스웨터,카인다미 / KINDAME,니트/스웨터,여성,상의,니트/스웨터,투웨이 오프숄더 스트라이프 니트 후드,Two-way off-shoulder striped knit hoodie
125,올인원 골반 볼륨업 코르셋 팬티 / All-in-one hip volume-up corset panties / 여성 / 속옷/홈웨어,카인다미 / KINDAME,미분류,여성,속옷/홈웨어,,올인원 골반 볼륨업 코르셋 팬티,All-in-one hip volume-up corset panties
126,숄더 트임 티 / shoulder cutout top / 여성 / 상의 / 긴소매 티셔츠,카인다미 / KINDAME,긴소매 티셔츠,여성,상의,긴소매 티셔츠,숄더 트임 티,shoulder cutout top
127,폴딩 와이드 니트 팬츠 / Folding wide knit pants / 여성 / 바지 / 코튼 팬츠,카인다미 / KINDAME,코튼 팬츠,여성,바지,코튼 팬츠,폴딩 와이드 니트 팬츠,Folding wide knit pants
128,골반볼륨업 루즈 드레이프 와이드 데님 / Hip-volume-enhancing loose drape wide denim / 여성 / 바지 / 데님 팬츠,카인다미 / KINDAME,데님 팬츠,여성,바지,데님 팬츠,골반볼륨업 루즈 드레이프 와이드 데님,Hip-volume-enhancing loose drape wide denim
129,발레리나 미니 원피스 / ballerina mini dress / 여성 / 원피스/스커트 / 미니원피스,카인다미 / KINDAME,미니원피스,여성,원피스/스커트,미니원피스,발레리나 미니 원피스,ballerina mini dress
130,울 골지 단추 니트 / Wool ribbed button knit / 여성 / 상의 / 니트/스웨터,카인다미 / KINDAME,니트/스웨터,여성,상의,니트/스웨터,울 골지 단추 니트,Wool ribbed button knit
131,퍼 카라 오프숄더 가디건 / Fur collar off-shoulder cardigan / 여성 / 상의 / 셔츠/블라우스,카인다미 / KINDAME,셔츠/블라우스,여성,상의,셔츠/블라우스,퍼 카라 오프숄더 가디건,Fur collar off-shoulder cardigan
132,트위드 니트 가디건 자켓 / Tweed knit cardigan jacket / 여성 / 상의 / 니트/스웨터,카인다미 / KINDAME,니트/스웨터,여성,상의,니트/스웨터,트위드 니트 가디건 자켓,Tweed knit cardigan jacket
133,랩 니트 가디건 / Wrap knit cardigan / 여성 / 상의 / 니트/스웨터,카인다미 / KINDAME,니트/스웨터,여성,상의,니트/스웨터,랩 니트 가디건,Wrap knit cardigan
134,슬림 데님 반팔셔츠 / Slim denim short-sleeve shirt / 여성 / 상의 / 셔츠/블라우스,카인다미 / KINDAME,셔츠/블라우스,여성,상의,셔츠/블라우스,슬림 데님 반팔셔츠,Slim denim short-sleeve shirt
135,슬림핏 자수 나시 / Slim-fit embroidered sleeveless top / 여성 / 상의 / 민소매 티셔츠,카인다미 / KINDAME,민소매 티셔츠,여성,상의,민소매 티셔츠,슬림핏 자수 나시,Slim-fit embroidered sleeveless top
136,기본볼륨 캡내장 버튼 레이어드티 / Basic Volume Built-in Cap Button Layered Tee / 여성 / 상의 / 반소매 티셔츠,카인다미 / KINDAME,반소매 티셔츠,여성,상의,반소매 티셔츠,기본볼륨 캡내장 버튼 레이어드티,Basic Volume Built-in Cap Button Layered Tee
137,여리여리 링배색 반팔티 / Delicate ring color block short-sleeve tee / 여성 / 상의 / 반소매 티셔츠,카인다미 / KINDAME,반소매 티셔츠,여성,상의,반소매 티셔츠,여리여리 링배색 반팔티,Delicate ring color block short-sleeve tee
138,옆가슴 볼륨 스퀘어넥 캡내장 반팔티 / Side bust volume square neck short-sleeve tee with built-in cup / 여성 / 상의 / 반소매 티셔츠,카인다미 / KINDAME,반소매 티셔츠,여성,상의,반소매 티셔츠,옆가슴 볼륨 스퀘어넥 캡내장 반팔티,Side bust volume square neck short-sleeve tee with built-in cup
139,아일렛 셔링 블라우스 / Eyelet Shirred Blouse / 여성 / 상의 / 셔츠/블라우스,카인다미 / KINDAME,셔츠/블라우스,여성,상의,셔츠/블라우스,아일렛 셔링 블라우스,Eyelet Shirred Blouse
140,옆가슴 볼륨 스퀘어넥 캡내장 긴팔티 / Side bust volume square neck long sleeve tee with built-in cup / 여성 / 상의 / 긴소매 티셔츠,카인다미 / KINDAME,긴소매 티셔츠,여성,상의,긴소매 티셔츠,옆가슴 볼륨 스퀘어넥 캡내장 긴팔티,Side bust volume square neck long sleeve tee with built-in cup
141,랩 타이 에센셜 레깅스 / Wrap Tie Essential Leggings / 여성 / 바지 / 트레이닝/조거 팬츠,카인다미 / KINDAME,트레이닝/조거 팬츠,여성,바지,트레이닝/조거 팬츠,랩 타이 에센셜 레깅스,Wrap Tie Essential Leggings
142,아일렛 썸머 니트 가디건 / Eyelet summer knit cardigan / 여성 / 상의 / 니트/스웨터,카인다미 / KINDAME,니트/스웨터,여성,상의,니트/스웨터,아일렛 썸머 니트 가디건,Eyelet summer knit cardigan
143,피그먼트 버뮤다 볼디 팬츠_3 Color / Pigment Bermuda Bold Pants_3 Color / 여성 / 바지 / 숏 팬츠,쏘비 / SEW-B,숏 팬츠,여성,바지,숏 팬츠,피그먼트 버뮤다 볼디 팬츠_3 Color,Pigment Bermuda Bold Pants_3 Color
144,우먼즈 세미크롭 US 1000 White 긴팔티 / Women's Semi-Crop US 1000 White Long Sleeve Tee / 여성 / 상의 / 긴소매 티셔츠,쏘비 / SEW-B,긴소매 티셔츠,여성,상의,긴소매 티셔츠,우먼즈 세미크롭 US 1000 White 긴팔티,Women's Semi-Crop US 1000 White Long Sleeve Tee
145,카모 볼디 벌룬 와이드 트레이닝 롱팬츠 2 Color / Camo Bold Balloon Wide Training Long Pants 2 Colors / 여성 / 바지 / 트레이닝/조거 팬츠,쏘비 / SEW-B,트레이닝/조거 팬츠,여성,바지,트레이닝/조거 팬츠,카모 볼디 벌룬 와이드 트레이닝 롱팬츠 2 Color,Camo Bold Balloon Wide Training Long Pants 2 Colors
146,-9 Do Gray 세미크롭 반팔티 / -9 Do Gray Semi-Crop Short Sleeve Tee / 여성 / 상의 / 반소매 티셔츠,쏘비 / SEW-B,반소매 티셔츠,여성,상의,반소매 티셔츠,-9 Do Gray 세미크롭 반팔티,-9 Do Gray Semi-Crop Short Sleeve Tee
147,KIKI 세미크롭 반팔티 / KIKI Semi-Crop Short Sleeve Tee / 여성 / 상의 / 반소매 티셔츠,쏘비 / SEW-B,반소매 티셔츠,여성,상의,반소매 티셔츠,KIKI 세미크롭 반팔티,KIKI Semi-Crop Short Sleeve Tee
148,BUBBLE BERRY 세미크롭 반팔티 / BUBBLE BERRY Semi-Crop Short Sleeve Tee / 여성 / 상의 / 반소매 티셔츠,쏘비 / SEW-B,반소매 티셔츠,여성,상의,반소매 티셔츠,BUBBLE BERRY 세미크롭 반팔티,BUBBLE BERRY Semi-Crop Short Sleeve Tee
149,SUSU 세미크롭 반팔티 / SUSU Semi-Crop Short Sleeve Tee / 여성 / 상의 / 반소매 티셔츠,쏘비 / SEW-B,반소매 티셔츠,여성,상의,반소매 티셔츠,SUSU 세미크롭 반팔티,SUSU Semi-Crop Short Sleeve Tee
150,Peach neck-베이지 / Peach neck-beige / 여성 / 상의 / 반소매 티셔츠,쏘비 / SEW-B,반소매 티셔츠,여성,상의,반소매 티셔츠,Peach neck-베이지,Peach neck-beige
151,Peach neck-화이트 / Peach neck-white / 여성 / 상의 / 반소매 티셔츠,쏘비 / SEW-B,반소매 티셔츠,여성,상의,반소매 티셔츠,Peach neck-화이트,Peach neck-white
152,Peach neck-핑크 / Peach neck-pink / 여성 / 상의 / 반소매 티셔츠,쏘비 / SEW-B,반소매 티셔츠,여성,상의,반소매 티셔츠,Peach neck-핑크,Peach neck-pink
153,Lov Hood-화이트 / Lov Hood-White / 여성 / 상의 / 반소매 티셔츠,쏘비 / SEW-B,반소매 티셔츠,여성,상의,반소매 티셔츠,Lov Hood-화이트,Lov Hood-White
154,Lov Hood-핑크 / Lov Hood-Pink / 여성 / 상의 / 반소매 티셔츠,쏘비 / SEW-B,반소매 티셔츠,여성,상의,반소매 티셔츠,Lov Hood-핑크,Lov Hood-Pink
155,Lov Hood-블루 / Lov Hood-Blue / 여성 / 상의 / 반소매 티셔츠,쏘비 / SEW-B,반소매 티셔츠,여성,상의,반소매 티셔츠,Lov Hood-블루,Lov Hood-Blue
156,Dot / Dot / 여성 / 상의 / 반소매 티셔츠,쏘비 / SEW-B,반소매 티셔츠,여성,상의,반소매 티셔츠,Dot,Dot
157,Dot / Dot / 여성 / 상의 / 반소매 티셔츠,쏘비 / SEW-B,반소매 티셔츠,여성,상의,반소매 티셔츠,Dot,Dot
158,Tulip -White 세미크롭 / Tulip - White semi-cropped / 여성 / 상의 / 반소매 티셔츠,쏘비 / SEW-B,반소매 티셔츠,여성,상의,반소매 티셔츠,Tulip -White 세미크롭,Tulip - White semi-cropped
159,Fine Flowers / Fine Flowers / 여성 / 상의 / 반소매 티셔츠,쏘비 / SEW-B,반소매 티셔츠,여성,상의,반소매 티셔츠,Fine Flowers,Fine Flowers
160,Twink / Twink / 여성 / 상의 / 반소매 티셔츠,쏘비 / SEW-B,반소매 티셔츠,여성,상의,반소매 티셔츠,Twink,Twink
161,Twink / Twink / 여성 / 상의 / 반소매 티셔츠,쏘비 / SEW-B,반소매 티셔츠,여성,상의,반소매 티셔츠,Twink,Twink
162,카모 버뮤다 볼디 팬츠_2 Color / Camo Bermuda Bold Pants_2 Color / 여성 / 바지 / 숏 팬츠,쏘비 / SEW-B,숏 팬츠,여성,바지,숏 팬츠,카모 버뮤다 볼디 팬츠_2 Color,Camo Bermuda Bold Pants_2 Color
163,세미크롭 레이어드 Roll-Up 반팔티 [민트] / Semi-Crop Layered Roll-Up Short Sleeve Tee [Mint] / 여성 / 상의 / 반소매 티셔츠,쏘비 / SEW-B,반소매 티셔츠,여성,상의,반소매 티셔츠,세미크롭 레이어드 Roll-Up 반팔티 [민트],Semi-Crop Layered Roll-Up Short Sleeve Tee [Mint]
164,세미크롭 레이어드 Roll-Up 반팔티 [핑크] / Semi-Crop Layered Roll-Up Short Sleeve Tee [Pink] / 여성 / 상의 / 반소매 티셔츠,쏘비 / SEW-B,반소매 티셔츠,여성,상의,반소매 티셔츠,세미크롭 레이어드 Roll-Up 반팔티 [핑크],Semi-Crop Layered Roll-Up Short Sleeve Tee [Pink]
165,key 세미크롭 반팔티 / Key semi-cropped short-sleeve tee / 여성 / 상의 / 반소매 티셔츠,쏘비 / SEW-B,반소매 티셔츠,여성,상의,반소매 티셔츠,key 세미크롭 반팔티,Key semi-cropped short-sleeve tee
166,camo text 세미크롭 반팔티 / Camo text semi-cropped short-sleeve tee / 여성 / 상의 / 반소매 티셔츠,쏘비 / SEW-B,반소매 티셔츠,여성,상의,반소매 티셔츠,camo text 세미크롭 반팔티,Camo text semi-cropped short-sleeve tee
167,tiger skin 세미크롭 반팔티 / Tiger Skin Semi-Crop Short Sleeve Tee / 여성 / 상의 / 반소매 티셔츠,쏘비 / SEW-B,반소매 티셔츠,여성,상의,반소매 티셔츠,tiger skin 세미크롭 반팔티,Tiger Skin Semi-Crop Short Sleeve Tee
168,hospital 세미크롭 반팔티 / Hospital semi-cropped short-sleeve tee / 여성 / 상의 / 반소매 티셔츠,쏘비 / SEW-B,반소매 티셔츠,여성,상의,반소매 티셔츠,hospital 세미크롭 반팔티,Hospital semi-cropped short-sleeve tee
169,a24 세미크롭 반팔티 / a24 semi-cropped short-sleeve tee / 여성 / 상의 / 반소매 티셔츠,쏘비 / SEW-B,반소매 티셔츠,여성,상의,반소매 티셔츠,a24 세미크롭 반팔티,a24 semi-cropped short-sleeve tee
170,세미크롭 Green3 긴팔티 / Semi-cropped Green3 long-sleeve tee / 여성 / 상의 / 긴소매 티셔츠,쏘비 / SEW-B,긴소매 티셔츠,여성,상의,긴소매 티셔츠,세미크롭 Green3 긴팔티,Semi-cropped Green3 long-sleeve tee
171,세미크롭 Kyooo 긴팔티 / Semi-cropped Kyooo long-sleeve tee / 여성 / 상의 / 긴소매 티셔츠,쏘비 / SEW-B,긴소매 티셔츠,여성,상의,긴소매 티셔츠,세미크롭 Kyooo 긴팔티,Semi-cropped Kyooo long-sleeve tee
172,세미크롭 SILVERRR 긴팔티 / Semi-cropped SILVERRR long-sleeve tee / 여성 / 상의 / 긴소매 티셔츠,쏘비 / SEW-B,긴소매 티셔츠,여성,상의,긴소매 티셔츠,세미크롭 SILVERRR 긴팔티,Semi-cropped SILVERRR long-sleeve tee
173,세미크롭 ooss 긴팔티 / Semi-cropped OOSS long-sleeve tee / 여성 / 상의 / 긴소매 티셔츠,쏘비 / SEW-B,긴소매 티셔츠,여성,상의,긴소매 티셔츠,세미크롭 ooss 긴팔티,Semi-cropped OOSS long-sleeve tee
174,세미크롭 nain nain 긴팔티 / Semi-cropped nain nain long-sleeve shirt / 여성 / 상의 / 긴소매 티셔츠,쏘비 / SEW-B,긴소매 티셔츠,여성,상의,긴소매 티셔츠,세미크롭 nain nain 긴팔티,Semi-cropped nain nain long-sleeve shirt
175,세미크롭 ey 긴팔티 / Semi-cropped EY long-sleeve tee / 여성 / 상의 / 긴소매 티셔츠,쏘비 / SEW-B,긴소매 티셔츠,여성,상의,긴소매 티셔츠,세미크롭 ey 긴팔티,Semi-cropped EY long-sleeve tee
176,세미크롭 A 긴팔티 / Semi-cropped A-line long-sleeve tee / 여성 / 상의 / 긴소매 티셔츠,쏘비 / SEW-B,긴소매 티셔츠,여성,상의,긴소매 티셔츠,세미크롭 A 긴팔티,Semi-cropped A-line long-sleeve tee
177,세미크롭 Hos93 긴팔티 / Semi-cropped Hos93 long-sleeve tee / 여성 / 상의 / 긴소매 티셔츠,쏘비 / SEW-B,긴소매 티셔츠,여성,상의,긴소매 티셔츠,세미크롭 Hos93 긴팔티,Semi-cropped Hos93 long-sleeve tee
178,세미크롭 sskinn 긴팔티 / Semi-cropped sskinn long-sleeve tee / 여성 / 상의 / 긴소매 티셔츠,쏘비 / SEW-B,긴소매 티셔츠,여성,상의,긴소매 티셔츠,세미크롭 sskinn 긴팔티,Semi-cropped sskinn long-sleeve tee
179,세미크롭 CH 긴팔티 / Semi-cropped CH long-sleeve tee / 여성 / 상의 / 긴소매 티셔츠,쏘비 / SEW-B,긴소매 티셔츠,여성,상의,긴소매 티셔츠,세미크롭 CH 긴팔티,Semi-cropped CH long-sleeve tee
180,세미크롭 four music 긴팔티 / Semi-cropped Four Music long-sleeve shirt / 여성 / 상의 / 긴소매 티셔츠,쏘비 / SEW-B,긴소매 티셔츠,여성,상의,긴소매 티셔츠,세미크롭 four music 긴팔티,Semi-cropped Four Music long-sleeve shirt
181,세미크롭 gp 긴팔티 / Semi-cropped GP long-sleeve tee / 여성 / 상의 / 긴소매 티셔츠,쏘비 / SEW-B,긴소매 티셔츠,여성,상의,긴소매 티셔츠,세미크롭 gp 긴팔티,Semi-cropped GP long-sleeve tee
182,세미크롭 spider 긴팔티 / Semi-cropped spider long-sleeve shirt / 여성 / 상의 / 긴소매 티셔츠,쏘비 / SEW-B,긴소매 티셔츠,여성,상의,긴소매 티셔츠,세미크롭 spider 긴팔티,Semi-cropped spider long-sleeve shirt
183,세미크롭 hoof 긴팔티 / Semi-cropped hoof long-sleeve shirt / 여성 / 상의 / 긴소매 티셔츠,쏘비 / SEW-B,긴소매 티셔츠,여성,상의,긴소매 티셔츠,세미크롭 hoof 긴팔티,Semi-cropped hoof long-sleeve shirt
184,세미크롭 ging 긴팔티 / Semi-cropped ging long-sleeve tee / 여성 / 상의 / 긴소매 티셔츠,쏘비 / SEW-B,긴소매 티셔츠,여성,상의,긴소매 티셔츠,세미크롭 ging 긴팔티,Semi-cropped ging long-sleeve tee
185,캥거루 보카시 후드티 (세미크롭) 베이지 / Kangaroo Heather Hoodie (Semi-Crop) Beige / 여성 / 상의 / 후드 티셔츠,쏘비 / SEW-B,후드 티셔츠,여성,상의,후드 티셔츠,캥거루 보카시 후드티 (세미크롭) 베이지,Kangaroo Heather Hoodie (Semi-Crop) Beige
186,세미크롭 Red Band 긴팔티 / Semi-cropped Red Band long-sleeve tee / 여성 / 상의 / 긴소매 티셔츠,쏘비 / SEW-B,긴소매 티셔츠,여성,상의,긴소매 티셔츠,세미크롭 Red Band 긴팔티,Semi-cropped Red Band long-sleeve tee
187,세미크롭 bump post 긴팔티 / Semi-cropped bump post long-sleeve shirt / 여성 / 상의 / 긴소매 티셔츠,쏘비 / SEW-B,긴소매 티셔츠,여성,상의,긴소매 티셔츠,세미크롭 bump post 긴팔티,Semi-cropped bump post long-sleeve shirt
188,바라클라바 후드티 (세미크롭) 딥 / Balaclava Hoodie (Semi-Crop) Deep / 여성 / 상의 / 후드 티셔츠,쏘비 / SEW-B,후드 티셔츠,여성,상의,후드 티셔츠,바라클라바 후드티 (세미크롭) 딥,Balaclava Hoodie (Semi-Crop) Deep
189,하이넥 white camo (세미오버) 후드집업 / High-neck white camo (semi-oversized) zip-up hoodie / 여성 / 아우터 / 후드 집업,쏘비 / SEW-B,후드 집업,여성,아우터,후드 집업,하이넥 white camo (세미오버) 후드집업,High-neck white camo (semi-oversized) zip-up hoodie
190,하이넥 black camo (세미오버) 후드집업 / High-neck black camo (semi-oversized) zip-up hoodie / 여성 / 아우터 / 후드 집업,쏘비 / SEW-B,후드 집업,여성,아우터,후드 집업,하이넥 black camo (세미오버) 후드집업,High-neck black camo (semi-oversized) zip-up hoodie
191,세미크롭 bluestar2 긴팔티 / Semi-cropped bluestar2 long-sleeve shirt / 여성 / 상의 / 긴소매 티셔츠,쏘비 / SEW-B,긴소매 티셔츠,여성,상의,긴소매 티셔츠,세미크롭 bluestar2 긴팔티,Semi-cropped bluestar2 long-sleeve shirt
192,세미크롭 달마시안 보트넥 [샌드 옐로우] / Semi-cropped Dalmatian boat neck [Sand Yellow] / 여성 / 상의 / 긴소매 티셔츠,쏘비 / SEW-B,긴소매 티셔츠,여성,상의,긴소매 티셔츠,세미크롭 달마시안 보트넥 [샌드 옐로우],Semi-cropped Dalmatian boat neck [Sand Yellow]
193,세미크롭 달마시안 보트넥 [오트 베이지] / Semi-cropped Dalmatian Boat Neck [Oat Beige] / 여성 / 상의 / 긴소매 티셔츠,쏘비 / SEW-B,긴소매 티셔츠,여성,상의,긴소매 티셔츠,세미크롭 달마시안 보트넥 [오트 베이지],Semi-cropped Dalmatian Boat Neck [Oat Beige]
194,세미크롭 달마시안 보트넥 [밀키 화이트] / Semi-cropped Dalmatian Boat Neck [Milky White] / 여성 / 상의 / 긴소매 티셔츠,쏘비 / SEW-B,긴소매 티셔츠,여성,상의,긴소매 티셔츠,세미크롭 달마시안 보트넥 [밀키 화이트],Semi-cropped Dalmatian Boat Neck [Milky White]
195,post 세미크롭 반팔티 [네이비] / post Semi-cropped short-sleeve tee [Navy] / 여성 / 상의 / 반소매 티셔츠,쏘비 / SEW-B,반소매 티셔츠,여성,상의,반소매 티셔츠,post 세미크롭 반팔티 [네이비],post Semi-cropped short-sleeve tee [Navy]
196,post 세미크롭 반팔티 [화이트] / post Semi-cropped short-sleeve tee [White] / 여성 / 상의 / 반소매 티셔츠,쏘비 / SEW-B,반소매 티셔츠,여성,상의,반소매 티셔츠,post 세미크롭 반팔티 [화이트],post Semi-cropped short-sleeve tee [White]
197,post 세미크롭 반팔티 [차콜] / post Semi-cropped short-sleeve t-shirt [Charcoal] / 여성 / 상의 / 반소매 티셔츠,쏘비 / SEW-B,반소매 티셔츠,여성,상의,반소매 티셔츠,post 세미크롭 반팔티 [차콜],post Semi-cropped short-sleeve t-shirt [Charcoal]
198,post 세미크롭 반팔티 [그레이 멜란지] / post Semi-cropped short-sleeve tee [Gray Melange] / 여성 / 상의 / 반소매 티셔츠,쏘비 / SEW-B,반소매 티셔츠,여성,상의,반소매 티셔츠,post 세미크롭 반팔티 [그레이 멜란지],post Semi-cropped short-sleeve tee [Gray Melange]
199,gree 세미크롭 반팔티 [네이비] / Gree Semi-Crop Short Sleeve Tee [Navy] / 여성 / 상의 / 반소매 티셔츠,쏘비 / SEW-B,반소매 티셔츠,여성,상의,반소매 티셔츠,gree 세미크롭 반팔티 [네이비],Gree Semi-Crop Short Sleeve Tee [Navy]
200,4our eye 세미크롭 반팔티 [화이트] / 4our eye Semi-cropped short sleeve tee [White] / 여성 / 상의 / 반소매 티셔츠,쏘비 / SEW-B,반소매 티셔츠,여성,상의,반소매 티셔츠,4our eye 세미크롭 반팔티 [화이트],4our eye Semi-cropped short sleeve tee [White]
201,4our eye 세미크롭 반팔티 [차콜] / 4our eye Semi-cropped short sleeve tee [Charcoal] / 여성 / 상의 / 반소매 티셔츠,쏘비 / SEW-B,반소매 티셔츠,여성,상의,반소매 티셔츠,4our eye 세미크롭 반팔티 [차콜],4our eye Semi-cropped short sleeve tee [Charcoal]
202,4our eye 세미크롭 반팔티 [그레이 멜란지] / 4our eye Semi-cropped short sleeve tee [Gray Melange] / 여성 / 상의 / 반소매 티셔츠,쏘비 / SEW-B,반소매 티셔츠,여성,상의,반소매 티셔츠,4our eye 세미크롭 반팔티 [그레이 멜란지],4our eye Semi-cropped short sleeve tee [Gray Melange]
203,bold 세미크롭 반팔티 [그레이 멜란지] / Bold Semi-Crop Short Sleeve Tee [Gray Melange] / 여성 / 상의 / 반소매 티셔츠,쏘비 / SEW-B,반소매 티셔츠,여성,상의,반소매 티셔츠,bold 세미크롭 반팔티 [그레이 멜란지],Bold Semi-Crop Short Sleeve Tee [Gray Melange]
204,oran! 세미크롭 반팔티 [네이비] / oran! Semi-cropped short-sleeve tee [Navy] / 여성 / 상의 / 반소매 티셔츠,쏘비 / SEW-B,반소매 티셔츠,여성,상의,반소매 티셔츠,oran! 세미크롭 반팔티 [네이비],oran! Semi-cropped short-sleeve tee [Navy]
205,meteor 세미크롭 반팔티 [네이비] / Meteor Semi-Crop Short Sleeve T-shirt [Navy] / 여성 / 상의 / 반소매 티셔츠,쏘비 / SEW-B,반소매 티셔츠,여성,상의,반소매 티셔츠,meteor 세미크롭 반팔티 [네이비],Meteor Semi-Crop Short Sleeve T-shirt [Navy]
206,meteor 세미크롭 반팔티 [차콜] / Meteor Semi-Crop Short Sleeve T-shirt [Charcoal] / 여성 / 상의 / 반소매 티셔츠,쏘비 / SEW-B,반소매 티셔츠,여성,상의,반소매 티셔츠,meteor 세미크롭 반팔티 [차콜],Meteor Semi-Crop Short Sleeve T-shirt [Charcoal]
207,meteor 세미크롭 반팔티 [그레이 멜란지] / Meteor Semi-Crop Short Sleeve Tee [Gray Melange] / 여성 / 상의 / 반소매 티셔츠,쏘비 / SEW-B,반소매 티셔츠,여성,상의,반소매 티셔츠,meteor 세미크롭 반팔티 [그레이 멜란지],Meteor Semi-Crop Short Sleeve Tee [Gray Melange]
208,oneeye 세미크롭 반팔티 [네이비] / oneeye Semi-Crop Short Sleeve T-shirt [Navy] / 여성 / 상의 / 반소매 티셔츠,쏘비 / SEW-B,반소매 티셔츠,여성,상의,반소매 티셔츠,oneeye 세미크롭 반팔티 [네이비],oneeye Semi-Crop Short Sleeve T-shirt [Navy]
209,oneeye 세미크롭 반팔티 [화이트] / oneeye semi-cropped short-sleeve tee [White] / 여성 / 상의 / 반소매 티셔츠,쏘비 / SEW-B,반소매 티셔츠,여성,상의,반소매 티셔츠,oneeye 세미크롭 반팔티 [화이트],oneeye semi-cropped short-sleeve tee [White]
210,oneeye 세미크롭 반팔티 [차콜] / oneeye semi-cropped short sleeve tee [Charcoal] / 여성 / 상의 / 반소매 티셔츠,쏘비 / SEW-B,반소매 티셔츠,여성,상의,반소매 티셔츠,oneeye 세미크롭 반팔티 [차콜],oneeye semi-cropped short sleeve tee [Charcoal]
211,oneeye 세미크롭 반팔티 [그레이 멜란지] / oneeye Semi-Crop Short Sleeve Tee [Gray Melange] / 여성 / 상의 / 반소매 티셔츠,쏘비 / SEW-B,반소매 티셔츠,여성,상의,반소매 티셔츠,oneeye 세미크롭 반팔티 [그레이 멜란지],oneeye Semi-Crop Short Sleeve Tee [Gray Melange]
212,do blue 세미크롭 반팔티 [네이비] / do blue semi-cropped short-sleeve tee [Navy] / 여성 / 상의 / 반소매 티셔츠,쏘비 / SEW-B,반소매 티셔츠,여성,상의,반소매 티셔츠,do blue 세미크롭 반팔티 [네이비],do blue semi-cropped short-sleeve tee [Navy]
213,ago 세미크롭 반팔티 [네이비] / ago Semi-cropped short-sleeve tee [Navy] / 여성 / 상의 / 반소매 티셔츠,쏘비 / SEW-B,반소매 티셔츠,여성,상의,반소매 티셔츠,ago 세미크롭 반팔티 [네이비],ago Semi-cropped short-sleeve tee [Navy]
214,ago 세미크롭 반팔티 [화이트] / ago Semi-cropped short-sleeve tee [White] / 여성 / 상의 / 반소매 티셔츠,쏘비 / SEW-B,반소매 티셔츠,여성,상의,반소매 티셔츠,ago 세미크롭 반팔티 [화이트],ago Semi-cropped short-sleeve tee [White]
215,ago 세미크롭 반팔티 [차콜] / ago Semi-cropped short-sleeve tee [Charcoal] / 여성 / 상의 / 반소매 티셔츠,쏘비 / SEW-B,반소매 티셔츠,여성,상의,반소매 티셔츠,ago 세미크롭 반팔티 [차콜],ago Semi-cropped short-sleeve tee [Charcoal]
216,ago 세미크롭 반팔티 [그레이 멜란지] / ago Semi-cropped short-sleeve tee [Gray Melange] / 여성 / 상의 / 반소매 티셔츠,쏘비 / SEW-B,반소매 티셔츠,여성,상의,반소매 티셔츠,ago 세미크롭 반팔티 [그레이 멜란지],ago Semi-cropped short-sleeve tee [Gray Melange]
217,what so 세미크롭 반팔티 [네이비] / What So Semi-Crop Short Sleeve T-shirt [Navy] / 여성 / 상의 / 반소매 티셔츠,쏘비 / SEW-B,반소매 티셔츠,여성,상의,반소매 티셔츠,what so 세미크롭 반팔티 [네이비],What So Semi-Crop Short Sleeve T-shirt [Navy]
218,what so 세미크롭 반팔티 [화이트] / What So Semi-Crop Short Sleeve T-shirt [White] / 여성 / 상의 / 반소매 티셔츠,쏘비 / SEW-B,반소매 티셔츠,여성,상의,반소매 티셔츠,what so 세미크롭 반팔티 [화이트],What So Semi-Crop Short Sleeve T-shirt [White]
219,what so 세미크롭 반팔티 [차콜] / What So Semi-Crop Short Sleeve T-shirt [Charcoal] / 여성 / 상의 / 반소매 티셔츠,쏘비 / SEW-B,반소매 티셔츠,여성,상의,반소매 티셔츠,what so 세미크롭 반팔티 [차콜],What So Semi-Crop Short Sleeve T-shirt [Charcoal]
220,what so 세미크롭 반팔티 [그레이 멜란지] / What So Semi-Crop Short Sleeve Tee [Gray Melange] / 여성 / 상의 / 반소매 티셔츠,쏘비 / SEW-B,반소매 티셔츠,여성,상의,반소매 티셔츠,what so 세미크롭 반팔티 [그레이 멜란지],What So Semi-Crop Short Sleeve Tee [Gray Melange]
221,소프트 세미크롭 카라티 [그레이프 레드] / Soft Semi-Crop Polo Shirt [Grape Red] / 여성 / 상의 / 반소매 티셔츠,쏘비 / SEW-B,반소매 티셔츠,여성,상의,반소매 티셔츠,소프트 세미크롭 카라티 [그레이프 레드],Soft Semi-Crop Polo Shirt [Grape Red]
222,소프트 세미크롭 카라티 [아사이 블루] / Soft Semi-Crop Polo Shirt [Acai Blue] / 여성 / 상의 / 반소매 티셔츠,쏘비 / SEW-B,반소매 티셔츠,여성,상의,반소매 티셔츠,소프트 세미크롭 카라티 [아사이 블루],Soft Semi-Crop Polo Shirt [Acai Blue]
223,소프트 세미크롭 카라티 [아보카도 그린] / Soft Semi-Crop Polo Shirt [Avocado Green] / 여성 / 상의 / 반소매 티셔츠,쏘비 / SEW-B,반소매 티셔츠,여성,상의,반소매 티셔츠,소프트 세미크롭 카라티 [아보카도 그린],Soft Semi-Crop Polo Shirt [Avocado Green]
224,소프트 세미크롭 카라티 [솔트 그레이] / Soft Semi-Crop Polo Shirt [Salt Grey] / 여성 / 상의 / 반소매 티셔츠,쏘비 / SEW-B,반소매 티셔츠,여성,상의,반소매 티셔츠,소프트 세미크롭 카라티 [솔트 그레이],Soft Semi-Crop Polo Shirt [Salt Grey]
225,스무디 세미크롭 T [민트 소르베] / Smoothie Semi-Crop T [Mint Sorbet] / 여성 / 상의 / 반소매 티셔츠,쏘비 / SEW-B,반소매 티셔츠,여성,상의,반소매 티셔츠,스무디 세미크롭 T [민트 소르베],Smoothie Semi-Crop T [Mint Sorbet]
226,스무디 세미크롭 T [그레이 파우더] / Smoothie Semi-Crop T [Gray Powder] / 여성 / 상의 / 반소매 티셔츠,쏘비 / SEW-B,반소매 티셔츠,여성,상의,반소매 티셔츠,스무디 세미크롭 T [그레이 파우더],Smoothie Semi-Crop T [Gray Powder]
227,스무디 세미크롭 T [올리브 셔벗] / Smoothie Semi-Crop T [Olive Sherbet] / 여성 / 상의 / 반소매 티셔츠,쏘비 / SEW-B,반소매 티셔츠,여성,상의,반소매 티셔츠,스무디 세미크롭 T [올리브 셔벗],Smoothie Semi-Crop T [Olive Sherbet]
228,세미크롭 반팔니트 [시나몬 브라운] / Semi-cropped short-sleeve knit [Cinnamon Brown] / 여성 / 상의 / 반소매 티셔츠,쏘비 / SEW-B,반소매 티셔츠,여성,상의,반소매 티셔츠,세미크롭 반팔니트 [시나몬 브라운],Semi-cropped short-sleeve knit [Cinnamon Brown]
229,세미크롭 반팔니트 [포레스트 그린] / Semi-cropped short-sleeve knit [Forest Green] / 여성 / 상의 / 반소매 티셔츠,쏘비 / SEW-B,반소매 티셔츠,여성,상의,반소매 티셔츠,세미크롭 반팔니트 [포레스트 그린],Semi-cropped short-sleeve knit [Forest Green]
230,세미크롭 반팔니트 [토마토 레드] / Semi-cropped short-sleeve knit [Tomato Red] / 여성 / 상의 / 반소매 티셔츠,쏘비 / SEW-B,반소매 티셔츠,여성,상의,반소매 티셔츠,세미크롭 반팔니트 [토마토 레드],Semi-cropped short-sleeve knit [Tomato Red]
231,스티치 커브드 롱팬츠 [화이트 멜란지] / Stitched Curved Long Pants [White Melange] / 여성 / 바지 / 트레이닝/조거 팬츠,쏘비 / SEW-B,트레이닝/조거 팬츠,여성,바지,트레이닝/조거 팬츠,스티치 커브드 롱팬츠 [화이트 멜란지],Stitched Curved Long Pants [White Melange]
232,스티치 커브드 롱팬츠 [그린] / Stitched Curved Long Pants [Green] / 여성 / 바지 / 트레이닝/조거 팬츠,쏘비 / SEW-B,트레이닝/조거 팬츠,여성,바지,트레이닝/조거 팬츠,스티치 커브드 롱팬츠 [그린],Stitched Curved Long Pants [Green]
233,스티치 커브드 롱팬츠 [네이비] / Stitch Curved Long Pants [Navy] / 여성 / 바지 / 트레이닝/조거 팬츠,쏘비 / SEW-B,트레이닝/조거 팬츠,여성,바지,트레이닝/조거 팬츠,스티치 커브드 롱팬츠 [네이비],Stitch Curved Long Pants [Navy]
234,빈티지 오너먼트 (세미크롭) 아이보리 / Vintage Ornament (Semi-Crop) Ivory / 여성 / 아우터 / 후드 집업,쏘비 / SEW-B,후드 집업,여성,아우터,후드 집업,빈티지 오너먼트 (세미크롭) 아이보리,Vintage Ornament (Semi-Crop) Ivory
235,3.4 세미크롭 반팔티 [네이비] / 3.4 Semi-cropped short-sleeve tee [Navy] / 여성 / 상의 / 반소매 티셔츠,쏘비 / SEW-B,반소매 티셔츠,여성,상의,반소매 티셔츠,3.4 세미크롭 반팔티 [네이비],3.4 Semi-cropped short-sleeve tee [Navy]
236,3.4 세미크롭 반팔티 [화이트] / 3.4 Semi-cropped short-sleeve tee [White] / 여성 / 상의 / 반소매 티셔츠,쏘비 / SEW-B,반소매 티셔츠,여성,상의,반소매 티셔츠,3.4 세미크롭 반팔티 [화이트],3.4 Semi-cropped short-sleeve tee [White]
237,3.4 세미크롭 반팔티 [차콜] / 3.4 Semi-Crop Short Sleeve T-shirt [Charcoal] / 여성 / 상의 / 반소매 티셔츠,쏘비 / SEW-B,반소매 티셔츠,여성,상의,반소매 티셔츠,3.4 세미크롭 반팔티 [차콜],3.4 Semi-Crop Short Sleeve T-shirt [Charcoal]
238,3.4 세미크롭 반팔티 [그레이 멜란지] / 3.4 Semi-Crop Short Sleeve Tee [Gray Melange] / 여성 / 상의 / 반소매 티셔츠,쏘비 / SEW-B,반소매 티셔츠,여성,상의,반소매 티셔츠,3.4 세미크롭 반팔티 [그레이 멜란지],3.4 Semi-Crop Short Sleeve Tee [Gray Melange]
239,moss 세미크롭 반팔티 [화이트] / Moss Semi-Crop Short Sleeve Tee [White] / 여성 / 상의 / 반소매 티셔츠,쏘비 / SEW-B,반소매 티셔츠,여성,상의,반소매 티셔츠,moss 세미크롭 반팔티 [화이트],Moss Semi-Crop Short Sleeve Tee [White]
240,moss 세미크롭 반팔티 [그레이 멜란지] / Moss Semi-Crop Short Sleeve Tee [Gray Melange] / 여성 / 상의 / 반소매 티셔츠,쏘비 / SEW-B,반소매 티셔츠,여성,상의,반소매 티셔츠,moss 세미크롭 반팔티 [그레이 멜란지],Moss Semi-Crop Short Sleeve Tee [Gray Melange]
241,stst 세미크롭 반팔티 [네이비] / stst Semi-Crop Short Sleeve T-shirt [Navy] / 여성 / 상의 / 반소매 티셔츠,쏘비 / SEW-B,반소매 티셔츠,여성,상의,반소매 티셔츠,stst 세미크롭 반팔티 [네이비],stst Semi-Crop Short Sleeve T-shirt [Navy]
242,stst 세미크롭 반팔티 [화이트] / stst Semi-Crop Short Sleeve T-shirt [White] / 여성 / 상의 / 반소매 티셔츠,쏘비 / SEW-B,반소매 티셔츠,여성,상의,반소매 티셔츠,stst 세미크롭 반팔티 [화이트],stst Semi-Crop Short Sleeve T-shirt [White]
243,stst 세미크롭 반팔티 [차콜] / stst Semi-Crop Short Sleeve T-shirt [Charcoal] / 여성 / 상의 / 반소매 티셔츠,쏘비 / SEW-B,반소매 티셔츠,여성,상의,반소매 티셔츠,stst 세미크롭 반팔티 [차콜],stst Semi-Crop Short Sleeve T-shirt [Charcoal]
244,stst 세미크롭 반팔티 [그레이 멜란지] / stst Semi-Crop Short Sleeve Tee [Gray Melange] / 여성 / 상의 / 반소매 티셔츠,쏘비 / SEW-B,반소매 티셔츠,여성,상의,반소매 티셔츠,stst 세미크롭 반팔티 [그레이 멜란지],stst Semi-Crop Short Sleeve Tee [Gray Melange]
245,WALK 오버핏 반팔티 / WALK Oversized Short Sleeve Tee / 여성 / 상의 / 반소매 티셔츠,쏘비 / SEW-B,반소매 티셔츠,여성,상의,반소매 티셔츠,WALK 오버핏 반팔티,WALK Oversized Short Sleeve Tee
246,JUJU 오버핏 반팔티 / JUJU Oversized Short Sleeve Tee / 여성 / 상의 / 반소매 티셔츠,쏘비 / SEW-B,반소매 티셔츠,여성,상의,반소매 티셔츠,JUJU 오버핏 반팔티,JUJU Oversized Short Sleeve Tee
247,jump! 오버핏 반팔티 / Jump! Oversized Short Sleeve Tee / 여성 / 상의 / 반소매 티셔츠,쏘비 / SEW-B,반소매 티셔츠,여성,상의,반소매 티셔츠,jump! 오버핏 반팔티,Jump! Oversized Short Sleeve Tee
248,NWWW 오버핏 반팔티 / NWWW Oversized Short Sleeve Tee / 여성 / 상의 / 반소매 티셔츠,쏘비 / SEW-B,반소매 티셔츠,여성,상의,반소매 티셔츠,NWWW 오버핏 반팔티,NWWW Oversized Short Sleeve Tee
249,BUMPING 오버핏 반팔티 / BUMPING Oversized Short Sleeve Tee / 여성 / 상의 / 반소매 티셔츠,쏘비 / SEW-B,반소매 티셔츠,여성,상의,반소매 티셔츠,BUMPING 오버핏 반팔티,BUMPING Oversized Short Sleeve Tee
250,uu 세미크롭 반팔티 [그레이 멜란지] / uu Semi-cropped short-sleeve tee [Gray Melange] / 여성 / 상의 / 반소매 티셔츠,쏘비 / SEW-B,반소매 티셔츠,여성,상의,반소매 티셔츠,uu 세미크롭 반팔티 [그레이 멜란지],uu Semi-cropped short-sleeve tee [Gray Melange]
251,uu 세미크롭 반팔티 [화이트] / uu Semi-cropped short-sleeve tee [White] / 여성 / 상의 / 반소매 티셔츠,쏘비 / SEW-B,반소매 티셔츠,여성,상의,반소매 티셔츠,uu 세미크롭 반팔티 [화이트],uu Semi-cropped short-sleeve tee [White]
252,necksss 세미크롭 반팔티 [화이트] / necksss semi-cropped short sleeve tee [White] / 여성 / 상의 / 반소매 티셔츠,쏘비 / SEW-B,반소매 티셔츠,여성,상의,반소매 티셔츠,necksss 세미크롭 반팔티 [화이트],necksss semi-cropped short sleeve tee [White]
253,necksss 세미크롭 반팔티 [그레이 멜란지] / necksss semi-cropped short sleeve tee [Gray Melange] / 여성 / 상의 / 반소매 티셔츠,쏘비 / SEW-B,반소매 티셔츠,여성,상의,반소매 티셔츠,necksss 세미크롭 반팔티 [그레이 멜란지],necksss semi-cropped short sleeve tee [Gray Melange]
254,b3 세미크롭 반팔티 [그레이 멜란지] / b3 Semi-cropped short-sleeve tee [Gray Melange] / 여성 / 상의 / 반소매 티셔츠,쏘비 / SEW-B,반소매 티셔츠,여성,상의,반소매 티셔츠,b3 세미크롭 반팔티 [그레이 멜란지],b3 Semi-cropped short-sleeve tee [Gray Melange]
255,b3 세미크롭 반팔티 [화이트] / b3 Semi-cropped short-sleeve tee [White] / 여성 / 상의 / 반소매 티셔츠,쏘비 / SEW-B,반소매 티셔츠,여성,상의,반소매 티셔츠,b3 세미크롭 반팔티 [화이트],b3 Semi-cropped short-sleeve tee [White]
256,tour 세미크롭 반팔티 [화이트] / tour semi-cropped short sleeve t-shirt [White] / 여성 / 상의 / 반소매 티셔츠,쏘비 / SEW-B,반소매 티셔츠,여성,상의,반소매 티셔츠,tour 세미크롭 반팔티 [화이트],tour semi-cropped short sleeve t-shirt [White]
257,버튼 새깅 버뮤다 팬츠 [데님 블랙] / Button-sagging Bermuda Pants [Denim Black] / 여성 / 바지 / 숏 팬츠,쏘비 / SEW-B,숏 팬츠,여성,바지,숏 팬츠,버튼 새깅 버뮤다 팬츠 [데님 블랙],Button-sagging Bermuda Pants [Denim Black]
258,Baby stp 세미크롭 반팔티 [베이지] / Baby stp Semi-cropped Short Sleeve Tee [Beige] / 여성 / 상의 / 반소매 티셔츠,쏘비 / SEW-B,반소매 티셔츠,여성,상의,반소매 티셔츠,Baby stp 세미크롭 반팔티 [베이지],Baby stp Semi-cropped Short Sleeve Tee [Beige]
259,Baby stp 세미크롭 반팔티 [핑크] / Baby stp Semi-cropped Short Sleeve T-shirt [Pink] / 여성 / 상의 / 반소매 티셔츠,쏘비 / SEW-B,반소매 티셔츠,여성,상의,반소매 티셔츠,Baby stp 세미크롭 반팔티 [핑크],Baby stp Semi-cropped Short Sleeve T-shirt [Pink]
260,Baby stp 세미크롭 반팔티 [화이트] / Baby stp Semi-cropped Short Sleeve T-shirt [White] / 여성 / 상의 / 반소매 티셔츠,쏘비 / SEW-B,반소매 티셔츠,여성,상의,반소매 티셔츠,Baby stp 세미크롭 반팔티 [화이트],Baby stp Semi-cropped Short Sleeve T-shirt [White]
261,Baby stp 세미크롭 반팔티 [블루] / Baby stp Semi-cropped Short Sleeve T-shirt [Blue] / 여성 / 상의 / 반소매 티셔츠,쏘비 / SEW-B,반소매 티셔츠,여성,상의,반소매 티셔츠,Baby stp 세미크롭 반팔티 [블루],Baby stp Semi-cropped Short Sleeve T-shirt [Blue]
262,KEY! 오버핏 반팔티 / KEY! Oversized short-sleeve tee / 여성 / 상의 / 반소매 티셔츠,쏘비 / SEW-B,반소매 티셔츠,여성,상의,반소매 티셔츠,KEY! 오버핏 반팔티,KEY! Oversized short-sleeve tee
263,SNAIL 오버핏 반팔티 / SNAIL Oversized Short Sleeve Tee / 여성 / 상의 / 반소매 티셔츠,쏘비 / SEW-B,반소매 티셔츠,여성,상의,반소매 티셔츠,SNAIL 오버핏 반팔티,SNAIL Oversized Short Sleeve Tee
264,2 TEETH 오버핏 반팔티 / 2 TEETH Oversized Short Sleeve Tee / 여성 / 상의 / 반소매 티셔츠,쏘비 / SEW-B,반소매 티셔츠,여성,상의,반소매 티셔츠,2 TEETH 오버핏 반팔티,2 TEETH Oversized Short Sleeve Tee
265,BOHEMIAN 오버핏 반팔티 / BOHEMIAN Oversized Short Sleeve Tee / 여성 / 상의 / 반소매 티셔츠,쏘비 / SEW-B,반소매 티셔츠,여성,상의,반소매 티셔츠,BOHEMIAN 오버핏 반팔티,BOHEMIAN Oversized Short Sleeve Tee
266,[× ILLIT] BRYN VELCRO SNEAKERS V2 / [× ILLIT] BRYN VELCRO SNEAKERS V2 / 여성 / 신발 / 구두,락피쉬웨더웨어 / ROCKFISH WEATHERWEAR,구두,여성,신발,구두,[× ILLIT] BRYN VELCRO SNEAKERS V2,[× ILLIT] BRYN VELCRO SNEAKERS V2
267,크로스라인 슬림 탑 화이트 / Crossline Slim Top White / 여성 / 상의 / 긴소매 티셔츠,러프넥 / ROUGHNECK,긴소매 티셔츠,여성,상의,긴소매 티셔츠,크로스라인 슬림 탑 화이트,Crossline Slim Top White
268,튜튜 팬츠 스커트 블랙 / Black tutu pants skirt / 여성 / 원피스/스커트 / 미니스커트,러프넥 / ROUGHNECK,미니스커트,여성,원피스/스커트,미니스커트,튜튜 팬츠 스커트 블랙,Black tutu pants skirt
269,버드 헤드 토크 / Bird Head Torque / 남성 / 소품 / 모자,아크테릭스 / ARCTERYX,모자,남성,소품,모자,버드 헤드 토크,Bird Head Torque
270,맨티스 26 백팩 / Mantis 26 Backpack / 남성 / 스포츠/레저 / 가방,아크테릭스 / ARCTERYX,가방,남성,스포츠/레저,가방,맨티스 26 백팩,Mantis 26 Backpack
271,맨티스 16 백팩 / Mantis 16 Backpack / 남성 / 스포츠/레저 / 가방,아크테릭스 / ARCTERYX,가방,남성,스포츠/레저,가방,맨티스 16 백팩,Mantis 16 Backpack
272,Lettering Sweat Shirt (gray) / Lettering Sweatshirt (gray) / 여성 / 상의 / 맨투맨/스웨트,카키포인트 / KHAKIPOINT,맨투맨/스웨트,여성,상의,맨투맨/스웨트,Lettering Sweat Shirt (gray),Lettering Sweatshirt (gray)
273,Steel Button Top (sage) / Steel Button Top (sage) / 여성 / 상의 / 긴소매 티셔츠,카키포인트 / KHAKIPOINT,긴소매 티셔츠,여성,상의,긴소매 티셔츠,Steel Button Top (sage),Steel Button Top (sage)
274,Lettering Sweat Shorts (gray) / Lettering Sweat Shorts (gray) / 여성 / 바지 / 숏 팬츠,카키포인트 / KHAKIPOINT,숏 팬츠,여성,바지,숏 팬츠,Lettering Sweat Shorts (gray),Lettering Sweat Shorts (gray)
275,Steel Button Top (black) / Steel Button Top (black) / 여성 / 상의 / 긴소매 티셔츠,카키포인트 / KHAKIPOINT,긴소매 티셔츠,여성,상의,긴소매 티셔츠,Steel Button Top (black),Steel Button Top (black)
276,Steel Button Top (light gray) / Steel Button Top (light gray) / 여성 / 상의 / 긴소매 티셔츠,카키포인트 / KHAKIPOINT,긴소매 티셔츠,여성,상의,긴소매 티셔츠,Steel Button Top (light gray),Steel Button Top (light gray)
277,Sheer V-neck Top (white) / Sheer V-neck Top (white) / 여성 / 상의 / 긴소매 티셔츠,카키포인트 / KHAKIPOINT,긴소매 티셔츠,여성,상의,긴소매 티셔츠,Sheer V-neck Top (white),Sheer V-neck Top (white)
278,Sheer V-neck Top (black) / Sheer V-neck Top (black) / 여성 / 상의 / 긴소매 티셔츠,카키포인트 / KHAKIPOINT,긴소매 티셔츠,여성,상의,긴소매 티셔츠,Sheer V-neck Top (black),Sheer V-neck Top (black)
279,Muted Core Sleeveless (white) / Muted Core Sleeveless (white) / 여성 / 상의 / 민소매 티셔츠,카키포인트 / KHAKIPOINT,민소매 티셔츠,여성,상의,민소매 티셔츠,Muted Core Sleeveless (white),Muted Core Sleeveless (white)
280,Muted Core Sleeveless (black) / Muted Core Sleeveless (black) / 여성 / 상의 / 민소매 티셔츠,카키포인트 / KHAKIPOINT,민소매 티셔츠,여성,상의,민소매 티셔츠,Muted Core Sleeveless (black),Muted Core Sleeveless (black)
281,Muted Core Sleeveless (charcoal) / Muted Core Sleeveless (charcoal) / 여성 / 상의 / 민소매 티셔츠,카키포인트 / KHAKIPOINT,민소매 티셔츠,여성,상의,민소매 티셔츠,Muted Core Sleeveless (charcoal),Muted Core Sleeveless (charcoal)
282,Muted Core Sleeveless (beige) / Muted Core Sleeveless (beige) / 여성 / 상의 / 민소매 티셔츠,카키포인트 / KHAKIPOINT,민소매 티셔츠,여성,상의,민소매 티셔츠,Muted Core Sleeveless (beige),Muted Core Sleeveless (beige)
283,Double Stud Belt (white) / Double Stud Belt (white) / 여성 / 소품 / 벨트,카키포인트 / KHAKIPOINT,벨트,여성,소품,벨트,Double Stud Belt (white),Double Stud Belt (white)
284,Double Stud Belt (black) / Double Stud Belt (black) / 여성 / 소품 / 벨트,카키포인트 / KHAKIPOINT,벨트,여성,소품,벨트,Double Stud Belt (black),Double Stud Belt (black)
285,Unbalanced Midi Skirt (brown) / Unbalanced Midi Skirt (brown) / 여성 / 원피스/스커트 / 미디스커트,카키포인트 / KHAKIPOINT,미디스커트,여성,원피스/스커트,미디스커트,Unbalanced Midi Skirt (brown),Unbalanced Midi Skirt (brown)
286,MAREN C1 SILVER / MAREN C1 SILVER / 남성 / 소품 / 선글라스/안경테,리에티 / RIETI,선글라스/안경테,남성,소품,선글라스/안경테,MAREN C1 SILVER,MAREN C1 SILVER
287,CAROA C2 ICE BLUE / CAROA C2 ICE BLUE / 남성 / 소품 / 선글라스/안경테,리에티 / RIETI,선글라스/안경테,남성,소품,선글라스/안경테,CAROA C2 ICE BLUE,CAROA C2 ICE BLUE
288,CAROA C3 BROWN / CAROA C3 BROWN / 남성 / 소품 / 선글라스/안경테,리에티 / RIETI,선글라스/안경테,남성,소품,선글라스/안경테,CAROA C3 BROWN,CAROA C3 BROWN
289,CAROA C1 GRAY / CAROA C1 GRAY / 남성 / 소품 / 선글라스/안경테,리에티 / RIETI,선글라스/안경테,남성,소품,선글라스/안경테,CAROA C1 GRAY,CAROA C1 GRAY
290,PORTEA C3 LEOPARD / PORTEA C3 LEOPARD / 남성 / 소품 / 선글라스/안경테,리에티 / RIETI,선글라스/안경테,남성,소품,선글라스/안경테,PORTEA C3 LEOPARD,PORTEA C3 LEOPARD
291,PORTEA C2 RED BEAN / PORTEA C2 RED BEAN / 남성 / 소품 / 선글라스/안경테,리에티 / RIETI,선글라스/안경테,남성,소품,선글라스/안경테,PORTEA C2 RED BEAN,PORTEA C2 RED BEAN
292,PORTEA C1 BLACK / PORTEA C1 BLACK / 남성 / 소품 / 선글라스/안경테,리에티 / RIETI,선글라스/안경테,남성,소품,선글라스/안경테,PORTEA C1 BLACK,PORTEA C1 BLACK
293,ELVIO C1 BLACK / ELVIO C1 BLACK / 남성 / 소품 / 선글라스/안경테,리에티 / RIETI,선글라스/안경테,남성,소품,선글라스/안경테,ELVIO C1 BLACK,ELVIO C1 BLACK
294,RIVO C3 PLUM BURGUNDY / RIVO C3 PLUM BURGUNDY / 남성 / 소품 / 선글라스/안경테,리에티 / RIETI,선글라스/안경테,남성,소품,선글라스/안경테,RIVO C3 PLUM BURGUNDY,RIVO C3 PLUM BURGUNDY
295,LUNO C3 DEEP NAVY / LUNO C3 DEEP NAVY / 남성 / 소품 / 선글라스/안경테,리에티 / RIETI,선글라스/안경테,남성,소품,선글라스/안경테,LUNO C3 DEEP NAVY,LUNO C3 DEEP NAVY
296,LUNO C2 LEOPARD / LUNO C2 LEOPARD / 남성 / 소품 / 선글라스/안경테,리에티 / RIETI,선글라스/안경테,남성,소품,선글라스/안경테,LUNO C2 LEOPARD,LUNO C2 LEOPARD
297,LUNO C1 BLACK / LUNO C1 BLACK / 남성 / 소품 / 선글라스/안경테,리에티 / RIETI,선글라스/안경테,남성,소품,선글라스/안경테,LUNO C1 BLACK,LUNO C1 BLACK
298,ELVIO C3 WINE BROWN / ELVIO C3 WINE BROWN / 남성 / 소품 / 선글라스/안경테,리에티 / RIETI,선글라스/안경테,남성,소품,선글라스/안경테,ELVIO C3 WINE BROWN,ELVIO C3 WINE BROWN
299,ELVIO C2 KHAKI / ELVIO C2 KHAKI / 남성 / 소품 / 선글라스/안경테,리에티 / RIETI,선글라스/안경테,남성,소품,선글라스/안경테,ELVIO C2 KHAKI,ELVIO C2 KHAKI
300,LUA C3 LEOPARD / LUA C3 LEOPARD / 남성 / 소품 / 선글라스/안경테,리에티 / RIETI,선글라스/안경테,남성,소품,선글라스/안경테,LUA C3 LEOPARD,LUA C3 LEOPARD
301,LUA C1 BLACK / LUA C1 BLACK / 남성 / 소품 / 선글라스/안경테,리에티 / RIETI,선글라스/안경테,남성,소품,선글라스/안경테,LUA C1 BLACK,LUA C1 BLACK
302,TOMMY C1 BLACK / TOMMY C1 BLACK / 남성 / 소품 / 선글라스/안경테,리에티 / RIETI,선글라스/안경테,남성,소품,선글라스/안경테,TOMMY C1 BLACK,TOMMY C1 BLACK
303,ENZO C3 LEOPARD / ENZO C3 LEOPARD / 남성 / 소품 / 선글라스/안경테,리에티 / RIETI,선글라스/안경테,남성,소품,선글라스/안경테,ENZO C3 LEOPARD,ENZO C3 LEOPARD
304,ENZO C2 RED BEAN / ENZO C2 RED BEAN / 남성 / 소품 / 선글라스/안경테,리에티 / RIETI,선글라스/안경테,남성,소품,선글라스/안경테,ENZO C2 RED BEAN,ENZO C2 RED BEAN
305,ENZO C1 BLACK / ENZO C1 BLACK / 남성 / 소품 / 선글라스/안경테,리에티 / RIETI,선글라스/안경테,남성,소품,선글라스/안경테,ENZO C1 BLACK,ENZO C1 BLACK
306,ALINA C1 BLACK / ALINA C1 BLACK / 남성 / 소품 / 선글라스/안경테,리에티 / RIETI,선글라스/안경테,남성,소품,선글라스/안경테,ALINA C1 BLACK,ALINA C1 BLACK
307,LUA C2 CARAMEL / LUA C2 CARAMEL / 남성 / 소품 / 선글라스/안경테,리에티 / RIETI,선글라스/안경테,남성,소품,선글라스/안경테,LUA C2 CARAMEL,LUA C2 CARAMEL
308,BENNY C3 LEOPARD / BENNY C3 LEOPARD / 남성 / 소품 / 선글라스/안경테,리에티 / RIETI,선글라스/안경테,남성,소품,선글라스/안경테,BENNY C3 LEOPARD,BENNY C3 LEOPARD
309,BENNY C2 DARK BROWN / BENNY C2 DARK BROWN / 남성 / 소품 / 선글라스/안경테,리에티 / RIETI,선글라스/안경테,남성,소품,선글라스/안경테,BENNY C2 DARK BROWN,BENNY C2 DARK BROWN
310,BENNY C1 BLACK / BENNY C1 BLACK / 남성 / 소품 / 선글라스/안경테,리에티 / RIETI,선글라스/안경테,남성,소품,선글라스/안경테,BENNY C1 BLACK,BENNY C1 BLACK
311,RIVO C1 BLACK / RIVO C1 BLACK / 남성 / 소품 / 선글라스/안경테,리에티 / RIETI,선글라스/안경테,남성,소품,선글라스/안경테,RIVO C1 BLACK,RIVO C1 BLACK
312,ALINA C2 PLUM BURGUNDY / ALINA C2 PLUM BURGUNDY / 남성 / 소품 / 선글라스/안경테,리에티 / RIETI,선글라스/안경테,남성,소품,선글라스/안경테,ALINA C2 PLUM BURGUNDY,ALINA C2 PLUM BURGUNDY
313,TOMMY C3 CLEAR GRAY / TOMMY C3 CLEAR GRAY / 남성 / 소품 / 선글라스/안경테,리에티 / RIETI,선글라스/안경테,남성,소품,선글라스/안경테,TOMMY C3 CLEAR GRAY,TOMMY C3 CLEAR GRAY
314,TOMMY C2  CHOCO BROWN / TOMMY C2 CHOCO BROWN / 남성 / 소품 / 선글라스/안경테,리에티 / RIETI,선글라스/안경테,남성,소품,선글라스/안경테,TOMMY C2  CHOCO BROWN,TOMMY C2 CHOCO BROWN
315,RIVO C2 SAND KHAKI / RIVO C2 SAND KHAKI / 남성 / 소품 / 선글라스/안경테,리에티 / RIETI,선글라스/안경테,남성,소품,선글라스/안경테,RIVO C2 SAND KHAKI,RIVO C2 SAND KHAKI
316,MILO C2 BLACK / MILO C2 BLACK / 남성 / 소품 / 선글라스/안경테,리에티 / RIETI,선글라스/안경테,남성,소품,선글라스/안경테,MILO C2 BLACK,MILO C2 BLACK
317,MILO C1 SILVER / MILO C1 SILVER / 남성 / 소품 / 선글라스/안경테,리에티 / RIETI,선글라스/안경테,남성,소품,선글라스/안경테,MILO C1 SILVER,MILO C1 SILVER
318,FINO C2 BRONZE / FINO C2 BRONZE / 남성 / 소품 / 선글라스/안경테,리에티 / RIETI,선글라스/안경테,남성,소품,선글라스/안경테,FINO C2 BRONZE,FINO C2 BRONZE
319,FINO C1 SILVER / FINO C1 SILVER / 남성 / 소품 / 선글라스/안경테,리에티 / RIETI,선글라스/안경테,남성,소품,선글라스/안경테,FINO C1 SILVER,FINO C1 SILVER
320,LINO C3 CLEAR GRAY / LINO C3 CLEAR GRAY / 남성 / 소품 / 선글라스/안경테,리에티 / RIETI,선글라스/안경테,남성,소품,선글라스/안경테,LINO C3 CLEAR GRAY,LINO C3 CLEAR GRAY
321,LINO C2 SAND KHAKI / LINO C2 SAND KHAKI / 남성 / 소품 / 선글라스/안경테,리에티 / RIETI,선글라스/안경테,남성,소품,선글라스/안경테,LINO C2 SAND KHAKI,LINO C2 SAND KHAKI
322,LINO C1 BLACK / LINO C1 BLACK / 남성 / 소품 / 선글라스/안경테,리에티 / RIETI,선글라스/안경테,남성,소품,선글라스/안경테,LINO C1 BLACK,LINO C1 BLACK
323,BELLA C3 PLUM BURGUNDY / BELLA C3 PLUM BURGUNDY / 남성 / 소품 / 선글라스/안경테,리에티 / RIETI,선글라스/안경테,남성,소품,선글라스/안경테,BELLA C3 PLUM BURGUNDY,BELLA C3 PLUM BURGUNDY
324,BELLA C2 KHAKI / BELLA C2 KHAKI / 남성 / 소품 / 선글라스/안경테,리에티 / RIETI,선글라스/안경테,남성,소품,선글라스/안경테,BELLA C2 KHAKI,BELLA C2 KHAKI
325,BELLA C1 BLACK / BELLA C1 BLACK / 남성 / 소품 / 선글라스/안경테,리에티 / RIETI,선글라스/안경테,남성,소품,선글라스/안경테,BELLA C1 BLACK,BELLA C1 BLACK
326,ALINA C3 BROWN / ALINA C3 BROWN / 남성 / 소품 / 선글라스/안경테,리에티 / RIETI,선글라스/안경테,남성,소품,선글라스/안경테,ALINA C3 BROWN,ALINA C3 BROWN
327,RIKO C3 DARK BROWN / RIKO C3 DARK BROWN / 남성 / 소품 / 선글라스/안경테,리에티 / RIETI,선글라스/안경테,남성,소품,선글라스/안경테,RIKO C3 DARK BROWN,RIKO C3 DARK BROWN
328,RIKO C2 SAND KHAKI / RIKO C2 SAND KHAKI / 남성 / 소품 / 선글라스/안경테,리에티 / RIETI,선글라스/안경테,남성,소품,선글라스/안경테,RIKO C2 SAND KHAKI,RIKO C2 SAND KHAKI
329,RIKO C1 BLACK / RIKO C1 BLACK / 남성 / 소품 / 선글라스/안경테,리에티 / RIETI,선글라스/안경테,남성,소품,선글라스/안경테,RIKO C1 BLACK,RIKO C1 BLACK
330,VERTA C3 CLEAR GRAY / VERTA C3 CLEAR GRAY / 남성 / 소품 / 선글라스/안경테,리에티 / RIETI,선글라스/안경테,남성,소품,선글라스/안경테,VERTA C3 CLEAR GRAY,VERTA C3 CLEAR GRAY
331,VERTA C2 KHAKI / VERTA C2 KHAKI / 남성 / 소품 / 선글라스/안경테,리에티 / RIETI,선글라스/안경테,남성,소품,선글라스/안경테,VERTA C2 KHAKI,VERTA C2 KHAKI
332,VERTA C1 BLACK / VERTA C1 BLACK / 남성 / 소품 / 선글라스/안경테,리에티 / RIETI,선글라스/안경테,남성,소품,선글라스/안경테,VERTA C1 BLACK,VERTA C1 BLACK
333,프리미엄 오버핏 플란넬 포켓 체크 셔츠 [오렌지] / Premium Oversized Flannel Pocket Check Shirt [Orange] / 남성 / 상의 / 셔츠/블라우스,리메인세컨드 / LEMAIN SECOND,셔츠/블라우스,남성,상의,셔츠/블라우스,프리미엄 오버핏 플란넬 포켓 체크 셔츠 [오렌지],Premium Oversized Flannel Pocket Check Shirt [Orange]
334,프리미엄 오버핏 플란넬 포켓 체크 셔츠 [블랙] / Premium Oversized Flannel Pocket Check Shirt [Black] / 남성 / 상의 / 셔츠/블라우스,리메인세컨드 / LEMAIN SECOND,셔츠/블라우스,남성,상의,셔츠/블라우스,프리미엄 오버핏 플란넬 포켓 체크 셔츠 [블랙],Premium Oversized Flannel Pocket Check Shirt [Black]
335,프리미엄 오버핏 플란넬 포켓 체크 셔츠 [네이비] / Premium Oversized Flannel Pocket Check Shirt [Navy] / 남성 / 상의 / 셔츠/블라우스,리메인세컨드 / LEMAIN SECOND,셔츠/블라우스,남성,상의,셔츠/블라우스,프리미엄 오버핏 플란넬 포켓 체크 셔츠 [네이비],Premium Oversized Flannel Pocket Check Shirt [Navy]
336,인더시티 여성 와이드레그 진 미드블루 47F453G Q1B / In the City Women's Wide-Leg Jeans Mid-Blue 47F453G Q1B / 여성 / 바지 / 데님 팬츠,캘빈클라인 진 / CALVIN KLEIN JEANS,데님 팬츠,여성,바지,데님 팬츠,인더시티 여성 와이드레그 진 미드블루 47F453G Q1B,In the City Women's Wide-Leg Jeans Mid-Blue 47F453G Q1B
337,인더시티 이지핏 링거 티 화이트 4RF297G YAF / In the City Easy Fit Ringer Tee White 4RF297G YAF / 남성 / 상의 / 반소매 티셔츠,캘빈클라인 진 / CALVIN KLEIN JEANS,반소매 티셔츠,남성,상의,반소매 티셔츠,인더시티 이지핏 링거 티 화이트 4RF297G YAF,In the City Easy Fit Ringer Tee White 4RF297G YAF
338,인더시티 이지핏 링거 티 블랙 4RF297G UB1 / In the City Easy Fit Ringer Tee Black 4RF297G UB1 / 남성 / 상의 / 반소매 티셔츠,캘빈클라인 진 / CALVIN KLEIN JEANS,반소매 티셔츠,남성,상의,반소매 티셔츠,인더시티 이지핏 링거 티 블랙 4RF297G UB1,In the City Easy Fit Ringer Tee Black 4RF297G UB1
339,남녀공용 스몰 모노그램 로고 볼캡 4G5002G YAE / Unisex Small Monogram Logo Ball Cap 4G5002G YAE / 남성 / 소품 / 모자,캘빈클라인 진 / CALVIN KLEIN JEANS,모자,남성,소품,모자,남녀공용 스몰 모노그램 로고 볼캡 4G5002G YAE,Unisex Small Monogram Logo Ball Cap 4G5002G YAE
340,인더시티 로고 캡 블랙 4D5137G UB1 / In the City Logo Cap Black 4D5137G UB1 / 남성 / 소품 / 모자,캘빈클라인 진 / CALVIN KLEIN JEANS,모자,남성,소품,모자,인더시티 로고 캡 블랙 4D5137G UB1,In the City Logo Cap Black 4D5137G UB1
341,인더시티 로고 캡 그린 4D5137G H0P / In the City Logo Cap Green 4D5137G H0P / 남성 / 소품 / 모자,캘빈클라인 진 / CALVIN KLEIN JEANS,모자,남성,소품,모자,인더시티 로고 캡 그린 4D5137G H0P,In the City Logo Cap Green 4D5137G H0P
342,인더시티 오버핏 콘트라스트 스티치 그래픽 티 블랙 4RF296G UB1 / In the City Oversized Contrast Stitch Graphic Tee Black 4RF296G UB1 / 남성 / 상의 / 반소매 티셔츠,캘빈클라인 진 / CALVIN KLEIN JEANS,반소매 티셔츠,남성,상의,반소매 티셔츠,인더시티 오버핏 콘트라스트 스티치 그래픽 티 블랙 4RF296G UB1,In the City Oversized Contrast Stitch Graphic Tee Black 4RF296G UB1
343,인더시티 오버핏 콘트라스트 스티치 그래픽 티 화이트 4RF296G YAF / In the City Oversized Contrast Stitch Graphic Tee White 4RF296G YAF / 남성 / 상의 / 반소매 티셔츠,캘빈클라인 진 / CALVIN KLEIN JEANS,반소매 티셔츠,남성,상의,반소매 티셔츠,인더시티 오버핏 콘트라스트 스티치 그래픽 티 화이트 4RF296G YAF,In the City Oversized Contrast Stitch Graphic Tee White 4RF296G YAF
344,인더시티 릴렉스드핏 그래픽 티 블랙 4RF295G UB1 / In the City Relaxed Fit Graphic Tee Black 4RF295G UB1 / 남성 / 상의 / 반소매 티셔츠,캘빈클라인 진 / CALVIN KLEIN JEANS,반소매 티셔츠,남성,상의,반소매 티셔츠,인더시티 릴렉스드핏 그래픽 티 블랙 4RF295G UB1,In the City Relaxed Fit Graphic Tee Black 4RF295G UB1
345,인더시티 릴렉스드핏 그래픽 티 화이트 4RF295G YAF / In the City Relaxed Fit Graphic Tee White 4RF295G YAF / 남성 / 상의 / 반소매 티셔츠,캘빈클라인 진 / CALVIN KLEIN JEANS,반소매 티셔츠,남성,상의,반소매 티셔츠,인더시티 릴렉스드핏 그래픽 티 화이트 4RF295G YAF,In the City Relaxed Fit Graphic Tee White 4RF295G YAF
346,심리스 이너프리 골반뽕 속바지_골반볼륨업 / Seamless Inner-Free Hip-Padded Shorts_Hip Volume Up / 여성 / 속옷/홈웨어,카인다미 / KINDAME,미분류,여성,속옷/홈웨어,,심리스 이너프리 골반뽕 속바지_골반볼륨업,Seamless Inner-Free Hip-Padded Shorts_Hip Volume Up
347,심리스 이너프리 슬림메쉬 골반뽕 4부 속바지_더블볼륨 / Seamless Inner-Free Slim Mesh Hip-Padded 4-Length Shorts_Double Volume / 여성 / 속옷/홈웨어,카인다미 / KINDAME,미분류,여성,속옷/홈웨어,,심리스 이너프리 슬림메쉬 골반뽕 4부 속바지_더블볼륨,Seamless Inner-Free Slim Mesh Hip-Padded 4-Length Shorts_Double Volume
348,심리스 이너프리 슬림메쉬 골반뽕 4부 속바지_기본볼륨 / Seamless Inner-Free Slim Mesh Hip-Padded 4-Length Shorts_Basic Volume / 여성 / 속옷/홈웨어,카인다미 / KINDAME,미분류,여성,속옷/홈웨어,,심리스 이너프리 슬림메쉬 골반뽕 4부 속바지_기본볼륨,Seamless Inner-Free Slim Mesh Hip-Padded 4-Length Shorts_Basic Volume
349,심리스 이너프리 골반뽕 팬티_더블볼륨 / Seamless Inner-Free Hip-Padded Panties_Double Volume / 여성 / 속옷/홈웨어,카인다미 / KINDAME,미분류,여성,속옷/홈웨어,,심리스 이너프리 골반뽕 팬티_더블볼륨,Seamless Inner-Free Hip-Padded Panties_Double Volume
350,심리스 이너프리 골반뽕 팬티_골반볼륨업 / Seamless Inner-Free Hip-Padding Panties_Hip Volume Up / 여성 / 속옷/홈웨어,카인다미 / KINDAME,미분류,여성,속옷/홈웨어,,심리스 이너프리 골반뽕 팬티_골반볼륨업,Seamless Inner-Free Hip-Padding Panties_Hip Volume Up
351,골반볼륨업 하이웨스트 세미 부츠컷_골반뽕 청바지_중진청 / Hip Volume Up High-Waisted Semi-Bootcut Jeans_Hip-Padding Jeans_Mid-Dark Blue / 여성 / 바지 / 데님 팬츠,카인다미 / KINDAME,데님 팬츠,여성,바지,데님 팬츠,골반볼륨업 하이웨스트 세미 부츠컷_골반뽕 청바지_중진청,Hip Volume Up High-Waisted Semi-Bootcut Jeans_Hip-Padding Jeans_Mid-Dark Blue
352,스모크 홀터넥 셔츠 / Smoke halterneck shirt / 여성 / 상의 / 셔츠/블라우스,카인다미 / KINDAME,셔츠/블라우스,여성,상의,셔츠/블라우스,스모크 홀터넥 셔츠,Smoke halterneck shirt
353,니트 심리스 옆가슴 볼륨업 브라 / Knit Seamless Side Bust Volume Up Bra / 여성 / 속옷/홈웨어,카인다미 / KINDAME,미분류,여성,속옷/홈웨어,,니트 심리스 옆가슴 볼륨업 브라,Knit Seamless Side Bust Volume Up Bra
354,스퀘어넥 심리스 브라 (기본+더블패드 증정) / Square Neck Seamless Bra (Basic + Free Double Pad) / 여성 / 속옷/홈웨어,카인다미 / KINDAME,미분류,여성,속옷/홈웨어,,스퀘어넥 심리스 브라 (기본+더블패드 증정),Square Neck Seamless Bra (Basic + Free Double Pad)
355,노와이어 소프트 옆가슴 볼륨브라 / Wireless Soft Side Bust Volume Bra / 여성 / 속옷/홈웨어,카인다미 / KINDAME,미분류,여성,속옷/홈웨어,,노와이어 소프트 옆가슴 볼륨브라,Wireless Soft Side Bust Volume Bra
356,제니 트레이닝 팬츠 (가을ver.) / Jennie Training Pants (Autumn ver.) / 여성 / 바지 / 트레이닝/조거 팬츠,카인다미 / KINDAME,트레이닝/조거 팬츠,여성,바지,트레이닝/조거 팬츠,제니 트레이닝 팬츠 (가을ver.),Jennie Training Pants (Autumn ver.)
357,골반볼륨업 부츠컷 와이드 포켓 팬츠 / Hip-volume-up bootcut wide-pocket pants / 여성 / 바지 / 코튼 팬츠,카인다미 / KINDAME,코튼 팬츠,여성,바지,코튼 팬츠,골반볼륨업 부츠컷 와이드 포켓 팬츠,Hip-volume-up bootcut wide-pocket pants
358,골반볼륨업 데일리 와이드 슬랙스 / Hip-volume-enhancing daily wide slacks / 여성 / 바지 / 슈트 팬츠/슬랙스,카인다미 / KINDAME,슈트 팬츠/슬랙스,여성,바지,슈트 팬츠/슬랙스,골반볼륨업 데일리 와이드 슬랙스,Hip-volume-enhancing daily wide slacks
359,골반볼륨업 중진청 절개 와이드 부츠컷_골반뽕 청바지 / Hip Volume Up Mid-Dark Blue Cut Wide Bootcut_Hip-Padding Jeans / 여성 / 바지 / 데님 팬츠,카인다미 / KINDAME,데님 팬츠,여성,바지,데님 팬츠,골반볼륨업 중진청 절개 와이드 부츠컷_골반뽕 청바지,Hip Volume Up Mid-Dark Blue Cut Wide Bootcut_Hip-Padding Jeans
360,골반볼륨업 사선 절개 진청 일자핏_골반뽕 청바지 / Hip-Boosting Diagonal Cut Dark Blue Straight Fit_Hip-Padding Jeans / 여성 / 바지 / 데님 팬츠,카인다미 / KINDAME,데님 팬츠,여성,바지,데님 팬츠,골반볼륨업 사선 절개 진청 일자핏_골반뽕 청바지,Hip-Boosting Diagonal Cut Dark Blue Straight Fit_Hip-Padding Jeans
361,골반볼륨업 흑청 와이드 벨트 절개 부츠컷_골반뽕 청바지 / Hip Volume Up Black Denim Wide Belted Cut Bootcut_Hip-Padding Jeans / 여성 / 바지 / 데님 팬츠,카인다미 / KINDAME,데님 팬츠,여성,바지,데님 팬츠,골반볼륨업 흑청 와이드 벨트 절개 부츠컷_골반뽕 청바지,Hip Volume Up Black Denim Wide Belted Cut Bootcut_Hip-Padding Jeans
362,H라인 니트 스커트 / H-line knit skirt / 여성 / 원피스/스커트 / 미니스커트,카인다미 / KINDAME,미니스커트,여성,원피스/스커트,미니스커트,H라인 니트 스커트,H-line knit skirt
363,케이블 브이넥 니트 후드집업 / Cable V-neck Knit Zip-up Hoodie / 여성 / 아우터 / 후드 집업,카인다미 / KINDAME,후드 집업,여성,아우터,후드 집업,케이블 브이넥 니트 후드집업,Cable V-neck Knit Zip-up Hoodie
364,플리츠 셔츠 원피스 / Pleated shirt dress / 여성 / 원피스/스커트 / 미니원피스,카인다미 / KINDAME,미니원피스,여성,원피스/스커트,미니원피스,플리츠 셔츠 원피스,Pleated shirt dress
365,G CLASSIC TANK (GRAY) / G CLASSIC TANK (GRAY) / 여성 / 상의 / 민소매 티셔츠,글로니 / GLOWNY,민소매 티셔츠,여성,상의,민소매 티셔츠,G CLASSIC TANK (GRAY),G CLASSIC TANK (GRAY)
366,G CLASSIC SHORT TANK (NAVY) / G CLASSIC SHORT TANK (NAVY) / 여성 / 상의 / 민소매 티셔츠,글로니 / GLOWNY,민소매 티셔츠,여성,상의,민소매 티셔츠,G CLASSIC SHORT TANK (NAVY),G CLASSIC SHORT TANK (NAVY)
367,G CLASSIC SLEEVELESS (GRAY) / G CLASSIC SLEEVELESS (GRAY) / 여성 / 상의 / 민소매 티셔츠,글로니 / GLOWNY,민소매 티셔츠,여성,상의,민소매 티셔츠,G CLASSIC SLEEVELESS (GRAY),G CLASSIC SLEEVELESS (GRAY)
368,G CLASSIC SLEEVELESS (NAVY) / G CLASSIC SLEEVELESS (NAVY) / 여성 / 상의 / 민소매 티셔츠,글로니 / GLOWNY,민소매 티셔츠,여성,상의,민소매 티셔츠,G CLASSIC SLEEVELESS (NAVY),G CLASSIC SLEEVELESS (NAVY)
369,G CLASSIC SLEEVELESS (BLACK) / G CLASSIC SLEEVELESS (BLACK) / 여성 / 상의 / 민소매 티셔츠,글로니 / GLOWNY,민소매 티셔츠,여성,상의,민소매 티셔츠,G CLASSIC SLEEVELESS (BLACK),G CLASSIC SLEEVELESS (BLACK)
370,G CLASSIC TUBE TOP (GRAY) / G CLASSIC TUBE TOP (GRAY) / 여성 / 상의 / 민소매 티셔츠,글로니 / GLOWNY,민소매 티셔츠,여성,상의,민소매 티셔츠,G CLASSIC TUBE TOP (GRAY),G CLASSIC TUBE TOP (GRAY)
371,G CLASSIC CAMISOLE (GRAY) / G CLASSIC CAMISOLE (GRAY) / 여성 / 상의 / 민소매 티셔츠,글로니 / GLOWNY,민소매 티셔츠,여성,상의,민소매 티셔츠,G CLASSIC CAMISOLE (GRAY),G CLASSIC CAMISOLE (GRAY)
372,G CLASSIC MINI SKIRT (WHITE) / G CLASSIC MINI SKIRT (WHITE) / 여성 / 원피스/스커트 / 미니스커트,글로니 / GLOWNY,미니스커트,여성,원피스/스커트,미니스커트,G CLASSIC MINI SKIRT (WHITE),G CLASSIC MINI SKIRT (WHITE)
373,EVERYDAY G SOCKS 2.0 (WHITE) / EVERYDAY G SOCKS 2.0 (WHITE) / 여성 / 소품 / 양말/레그웨어,글로니 / GLOWNY,양말/레그웨어,여성,소품,양말/레그웨어,EVERYDAY G SOCKS 2.0 (WHITE),EVERYDAY G SOCKS 2.0 (WHITE)
374,EVERYDAY G SOCKS 2.0 (GRAY) / EVERYDAY G SOCKS 2.0 (GRAY) / 여성 / 소품 / 양말/레그웨어,글로니 / GLOWNY,양말/레그웨어,여성,소품,양말/레그웨어,EVERYDAY G SOCKS 2.0 (GRAY),EVERYDAY G SOCKS 2.0 (GRAY)
375,#VALUE!,,미분류,,,,,#VALUE!
376,#VALUE!,,미분류,,,,,#VALUE!
377,#VALUE!,,미분류,,,,,#VALUE!
378,#VALUE!,,미분류,,,,,#VALUE!
379,#VALUE!,,미분류,,,,,#VALUE!
380,#VALUE!,,미분류,,,,,#VALUE!
381,#VALUE!,,미분류,,,,,#VALUE!
382,#VALUE!,,미분류,,,,,#VALUE!
383,#VALUE!,,미분류,,,,,#VALUE!
384,#VALUE!,,미분류,,,,,#VALUE!
385,#VALUE!,,미분류,,,,,#VALUE!
386,#VALUE!,,미분류,,,,,#VALUE!
387,#VALUE!,,미분류,,,,,#VALUE!
388,#VALUE!,,미분류,,,,,#VALUE!
389,#VALUE!,,미분류,,,,,#VALUE!
390,#VALUE!,,미분류,,,,,#VALUE!
391,#VALUE!,,미분류,,,,,#VALUE!
392,#VALUE!,,미분류,,,,,#VALUE!
393,#VALUE!,,미분류,,,,,#VALUE!
394,#VALUE!,,미분류,,,,,#VALUE!
395,#VALUE!,,미분류,,,,,#VALUE!
396,#VALUE!,,미분류,,,,,#VALUE!
397,#VALUE!,,미분류,,,,,#VALUE!
398,#VALUE!,,미분류,,,,,#VALUE!
399,#VALUE!,,미분류,,,,,#VALUE!
400,#VALUE!,,미분류,,,,,#VALUE!
401,#VALUE!,,미분류,,,,,#VALUE!
402,#VALUE!,,미분류,,,,,#VALUE!
403,#VALUE!,,미분류,,,,,#VALUE!
404,#VALUE!,,미분류,,,,,#VALUE!
405,#VALUE!,,미분류,,,,,#VALUE!
406,#VALUE!,,미분류,,,,,#VALUE!
407,#VALUE!,,미분류,,,,,#VALUE!
408,#VALUE!,,미분류,,,,,#VALUE!
409,#VALUE!,,미분류,,,,,#VALUE!
410,#VALUE!,,미분류,,,,,#VALUE!
411,#VALUE!,,미분류,,,,,#VALUE!
412,#VALUE!,,미분류,,,,,#VALUE!
413,#VALUE!,,미분류,,,,,#VALUE!
414,#VALUE!,,미분류,,,,,#VALUE!
415,#VALUE!,,미분류,,,,,#VALUE!
416,#VALUE!,,미분류,,,,,#VALUE!
417,#VALUE!,,미분류,,,,,#VALUE!
418,#VALUE!,,미분류,,,,,#VALUE!
419,#VALUE!,,미분류,,,,,#VALUE!
420,#VALUE!,,미분류,,,,,#VALUE!
421,#VALUE!,,미분류,,,,,#VALUE!
422,#VALUE!,,미분류,,,,,#VALUE!
423,#VALUE!,,미분류,,,,,#VALUE!
424,#VALUE!,,미분류,,,,,#VALUE!
425,#VALUE!,,미분류,,,,,#VALUE!
426,#VALUE!,,미분류,,,,,#VALUE!
427,#VALUE!,,미분류,,,,,#VALUE!
428,#VALUE!,,미분류,,,,,#VALUE!
429,#VALUE!,,미분류,,,,,#VALUE!
430,#VALUE!,,미분류,,,,,#VALUE!
431,#VALUE!,,미분류,,,,,#VALUE!
432,#VALUE!,,미분류,,,,,#VALUE!
433,#VALUE!,,미분류,,,,,#VALUE!
434,#VALUE!,,미분류,,,,,#VALUE!
435,#VALUE!,,미분류,,,,,#VALUE!
436,#VALUE!,,미분류,,,,,#VALUE!
437,#VALUE!,,미분류,,,,,#VALUE!
438,#VALUE!,,미분류,,,,,#VALUE!
439,#VALUE!,,미분류,,,,,#VALUE!
440,#VALUE!,,미분류,,,,,#VALUE!
441,#VALUE!,,미분류,,,,,#VALUE!
442,#VALUE!,,미분류,,,,,#VALUE!
443,#VALUE!,,미분류,,,,,#VALUE!
444,#VALUE!,,미분류,,,,,#VALUE!
445,#VALUE!,,미분류,,,,,#VALUE!
446,#VALUE!,,미분류,,,,,#VALUE!
447,#VALUE!,,미분류,,,,,#VALUE!
448,#VALUE!,,미분류,,,,,#VALUE!
449,#VALUE!,,미분류,,,,,#VALUE!
450,#VALUE!,,미분류,,,,,#VALUE!
451,#VALUE!,,미분류,,,,,#VALUE!
452,#VALUE!,,미분류,,,,,#VALUE!
453,#VALUE!,,미분류,,,,,#VALUE!
454,#VALUE!,,미분류,,,,,#VALUE!
455,#VALUE!,,미분류,,,,,#VALUE!
456,#VALUE!,,미분류,,,,,#VALUE!
457,#VALUE!,,미분류,,,,,#VALUE!
458,#VALUE!,,미분류,,,,,#VALUE!
459,#VALUE!,,미분류,,,,,#VALUE!
460,#VALUE!,,미분류,,,,,#VALUE!
461,#VALUE!,,미분류,,,,,#VALUE!
462,#VALUE!,,미분류,,,,,#VALUE!
463,#VALUE!,,미분류,,,,,#VALUE!
464,#VALUE!,,미분류,,,,,#VALUE!
465,#VALUE!,,미분류,,,,,#VALUE!
466,#VALUE!,,미분류,,,,,#VALUE!
467,#VALUE!,,미분류,,,,,#VALUE!
468,#VALUE!,,미분류,,,,,#VALUE!
469,#VALUE!,,미분류,,,,,#VALUE!
470,#VALUE!,,미분류,,,,,#VALUE!
471,#VALUE!,,미분류,,,,,#VALUE!
472,#VALUE!,,미분류,,,,,#VALUE!
473,#VALUE!,,미분류,,,,,#VALUE!
474,#VALUE!,,미분류,,,,,#VALUE!
475,#VALUE!,,미분류,,,,,#VALUE!
476,#VALUE!,,미분류,,,,,#VALUE!
477,#VALUE!,,미분류,,,,,#VALUE!
478,#VALUE!,,미분류,,,,,#VALUE!
479,#VALUE!,,미분류,,,,,#VALUE!
480,#VALUE!,,미분류,,,,,#VALUE!
481,#VALUE!,,미분류,,,,,#VALUE!
482,#VALUE!,,미분류,,,,,#VALUE!
483,#VALUE!,,미분류,,,,,#VALUE!
484,#VALUE!,,미분류,,,,,#VALUE!
485,#VALUE!,,미분류,,,,,#VALUE!
486,#VALUE!,,미분류,,,,,#VALUE!
487,#VALUE!,,미분류,,,,,#VALUE!
488,#VALUE!,,미분류,,,,,#VALUE!
489,#VALUE!,,미분류,,,,,#VALUE!
490,#VALUE!,,미분류,,,,,#VALUE!
491,#VALUE!,,미분류,,,,,#VALUE!
492,#VALUE!,,미분류,,,,,#VALUE!
493,#VALUE!,,미분류,,,,,#VALUE!
494,#VALUE!,,미분류,,,,,#VALUE!
495,#VALUE!,,미분류,,,,,#VALUE!
496,#VALUE!,,미분류,,,,,#VALUE!
497,#VALUE!,,미분류,,,,,#VALUE!
498,#VALUE!,,미분류,,,,,#VALUE!
499,#VALUE!,,미분류,,,,,#VALUE!
500,#VALUE!,,미분류,,,,,#VALUE!
501,#VALUE!,,미분류,,,,,#VALUE!
502,#VALUE!,,미분류,,,,,#VALUE!
503,#VALUE!,,미분류,,,,,#VALUE!
504,#VALUE!,,미분류,,,,,#VALUE!
505,#VALUE!,,미분류,,,,,#VALUE!
506,#VALUE!,,미분류,,,,,#VALUE!
507,#VALUE!,,미분류,,,,,#VALUE!
508,#VALUE!,,미분류,,,,,#VALUE!
509,#VALUE!,,미분류,,,,,#VALUE!
510,#VALUE!,,미분류,,,,,#VALUE!
511,#VALUE!,,미분류,,,,,#VALUE!
512,#VALUE!,,미분류,,,,,#VALUE!
513,#VALUE!,,미분류,,,,,#VALUE!
514,#VALUE!,,미분류,,,,,#VALUE!
515,#VALUE!,,미분류,,,,,#VALUE!
516,#VALUE!,,미분류,,,,,#VALUE!
517,#VALUE!,,미분류,,,,,#VALUE!
518,#VALUE!,,미분류,,,,,#VALUE!
519,#VALUE!,,미분류,,,,,#VALUE!
520,#VALUE!,,미분류,,,,,#VALUE!
521,#VALUE!,,미분류,,,,,#VALUE!
522,#VALUE!,,미분류,,,,,#VALUE!
523,#VALUE!,,미분류,,,,,#VALUE!
524,#VALUE!,,미분류,,,,,#VALUE!
525,#VALUE!,,미분류,,,,,#VALUE!
526,#VALUE!,,미분류,,,,,#VALUE!
527,#VALUE!,,미분류,,,,,#VALUE!
528,#VALUE!,,미분류,,,,,#VALUE!
529,#VALUE!,,미분류,,,,,#VALUE!
530,#VALUE!,,미분류,,,,,#VALUE!
531,#VALUE!,,미분류,,,,,#VALUE!
532,#VALUE!,,미분류,,,,,#VALUE!
533,#VALUE!,,미분류,,,,,#VALUE!
534,#VALUE!,,미분류,,,,,#VALUE!
535,#VALUE!,,미분류,,,,,#VALUE!
536,#VALUE!,,미분류,,,,,#VALUE!
537,#VALUE!,,미분류,,,,,#VALUE!
538,#VALUE!,,미분류,,,,,#VALUE!
539,#VALUE!,,미분류,,,,,#VALUE!
540,#VALUE!,,미분류,,,,,#VALUE!
541,#VALUE!,,미분류,,,,,#VALUE!
542,#VALUE!,,미분류,,,,,#VALUE!
543,#VALUE!,,미분류,,,,,#VALUE!
544,#VALUE!,,미분류,,,,,#VALUE!
545,#VALUE!,,미분류,,,,,#VALUE!
546,#VALUE!,,미분류,,,,,#VALUE!
547,#VALUE!,,미분류,,,,,#VALUE!
548,#VALUE!,,미분류,,,,,#VALUE!
549,#VALUE!,,미분류,,,,,#VALUE!
550,#VALUE!,,미분류,,,,,#VALUE!
551,#VALUE!,,미분류,,,,,#VALUE!
552,#VALUE!,,미분류,,,,,#VALUE!
553,#VALUE!,,미분류,,,,,#VALUE!
554,#VALUE!,,미분류,,,,,#VALUE!
555,#VALUE!,,미분류,,,,,#VALUE!
556,#VALUE!,,미분류,,,,,#VALUE!
557,#VALUE!,,미분류,,,,,#VALUE!
558,#VALUE!,,미분류,,,,,#VALUE!
559,#VALUE!,,미분류,,,,,#VALUE!
560,#VALUE!,,미분류,,,,,#VALUE!
561,#VALUE!,,미분류,,,,,#VALUE!
562,#VALUE!,,미분류,,,,,#VALUE!
563,#VALUE!,,미분류,,,,,#VALUE!
564,#VALUE!,,미분류,,,,,#VALUE!
565,#VALUE!,,미분류,,,,,#VALUE!
566,#VALUE!,,미분류,,,,,#VALUE!
567,#VALUE!,,미분류,,,,,#VALUE!
568,#VALUE!,,미분류,,,,,#VALUE!
569,#VALUE!,,미분류,,,,,#VALUE!
570,#VALUE!,,미분류,,,,,#VALUE!
571,#VALUE!,,미분류,,,,,#VALUE!
572,#VALUE!,,미분류,,,,,#VALUE!
573,#VALUE!,,미분류,,,,,#VALUE!
574,#VALUE!,,미분류,,,,,#VALUE!
575,#VALUE!,,미분류,,,,,#VALUE!
576,#VALUE!,,미분류,,,,,#VALUE!
577,#VALUE!,,미분류,,,,,#VALUE!
578,#VALUE!,,미분류,,,,,#VALUE!
579,#VALUE!,,미분류,,,,,#VALUE!
580,#VALUE!,,미분류,,,,,#VALUE!
581,#VALUE!,,미분류,,,,,#VALUE!
582,#VALUE!,,미분류,,,,,#VALUE!
583,#VALUE!,,미분류,,,,,#VALUE!
584,#VALUE!,,미분류,,,,,#VALUE!
585,#VALUE!,,미분류,,,,,#VALUE!
586,#VALUE!,,미분류,,,,,#VALUE!
587,#VALUE!,,미분류,,,,,#VALUE!
588,#VALUE!,,미분류,,,,,#VALUE!
589,#VALUE!,,미분류,,,,,#VALUE!
590,#VALUE!,,미분류,,,,,#VALUE!
591,#VALUE!,,미분류,,,,,#VALUE!
592,#VALUE!,,미분류,,,,,#VALUE!
593,#VALUE!,,미분류,,,,,#VALUE!
594,#VALUE!,,미분류,,,,,#VALUE!
595,#VALUE!,,미분류,,,,,#VALUE!
596,#VALUE!,,미분류,,,,,#VALUE!
597,#VALUE!,,미분류,,,,,#VALUE!
598,#VALUE!,,미분류,,,,,#VALUE!
599,#VALUE!,,미분류,,,,,#VALUE!
600,#VALUE!,,미분류,,,,,#VALUE!
601,#VALUE!,,미분류,,,,,#VALUE!
602,#VALUE!,,미분류,,,,,#VALUE!
603,#VALUE!,,미분류,,,,,#VALUE!
604,#VALUE!,,미분류,,,,,#VALUE!
605,#VALUE!,,미분류,,,,,#VALUE!
606,#VALUE!,,미분류,,,,,#VALUE!
607,#VALUE!,,미분류,,,,,#VALUE!
608,#VALUE!,,미분류,,,,,#VALUE!
609,#VALUE!,,미분류,,,,,#VALUE!
610,#VALUE!,,미분류,,,,,#VALUE!
611,#VALUE!,,미분류,,,,,#VALUE!
612,#VALUE!,,미분류,,,,,#VALUE!
613,#VALUE!,,미분류,,,,,#VALUE!
614,#VALUE!,,미분류,,,,,#VALUE!
615,#VALUE!,,미분류,,,,,#VALUE!
616,#VALUE!,,미분류,,,,,#VALUE!
617,#VALUE!,,미분류,,,,,#VALUE!
618,#VALUE!,,미분류,,,,,#VALUE!
619,#VALUE!,,미분류,,,,,#VALUE!
620,#VALUE!,,미분류,,,,,#VALUE!
621,#VALUE!,,미분류,,,,,#VALUE!
622,#VALUE!,,미분류,,,,,#VALUE!
623,#VALUE!,,미분류,,,,,#VALUE!
624,#VALUE!,,미분류,,,,,#VALUE!
625,#VALUE!,,미분류,,,,,#VALUE!
626,#VALUE!,,미분류,,,,,#VALUE!
627,#VALUE!,,미분류,,,,,#VALUE!
628,#VALUE!,,미분류,,,,,#VALUE!
629,#VALUE!,,미분류,,,,,#VALUE!
630,#VALUE!,,미분류,,,,,#VALUE!
631,#VALUE!,,미분류,,,,,#VALUE!
632,#VALUE!,,미분류,,,,,#VALUE!
633,#VALUE!,,미분류,,,,,#VALUE!
634,#VALUE!,,미분류,,,,,#VALUE!
635,#VALUE!,,미분류,,,,,#VALUE!
636,#VALUE!,,미분류,,,,,#VALUE!
637,#VALUE!,,미분류,,,,,#VALUE!
638,#VALUE!,,미분류,,,,,#VALUE!
639,#VALUE!,,미분류,,,,,#VALUE!
640,#VALUE!,,미분류,,,,,#VALUE!
641,#VALUE!,,미분류,,,,,#VALUE!
642,#VALUE!,,미분류,,,,,#VALUE!
643,#VALUE!,,미분류,,,,,#VALUE!
644,#VALUE!,,미분류,,,,,#VALUE!
645,#VALUE!,,미분류,,,,,#VALUE!
646,#VALUE!,,미분류,,,,,#VALUE!
647,#VALUE!,,미분류,,,,,#VALUE!
648,#VALUE!,,미분류,,,,,#VALUE!
649,#VALUE!,,미분류,,,,,#VALUE!
650,#VALUE!,,미분류,,,,,#VALUE!
651,#VALUE!,,미분류,,,,,#VALUE!
652,#VALUE!,,미분류,,,,,#VALUE!
653,#VALUE!,,미분류,,,,,#VALUE!
654,#VALUE!,,미분류,,,,,#VALUE!
655,#VALUE!,,미분류,,,,,#VALUE!
656,#VALUE!,,미분류,,,,,#VALUE!
657,#VALUE!,,미분류,,,,,#VALUE!
658,#VALUE!,,미분류,,,,,#VALUE!
659,#VALUE!,,미분류,,,,,#VALUE!
660,#VALUE!,,미분류,,,,,#VALUE!
661,#VALUE!,,미분류,,,,,#VALUE!
662,#VALUE!,,미분류,,,,,#VALUE!
663,#VALUE!,,미분류,,,,,#VALUE!
664,#VALUE!,,미분류,,,,,#VALUE!
665,#VALUE!,,미분류,,,,,#VALUE!
666,#VALUE!,,미분류,,,,,#VALUE!
667,#VALUE!,,미분류,,,,,#VALUE!
668,#VALUE!,,미분류,,,,,#VALUE!
669,#VALUE!,,미분류,,,,,#VALUE!
670,#VALUE!,,미분류,,,,,#VALUE!
671,#VALUE!,,미분류,,,,,#VALUE!
672,#VALUE!,,미분류,,,,,#VALUE!
673,#VALUE!,,미분류,,,,,#VALUE!
674,#VALUE!,,미분류,,,,,#VALUE!
675,#VALUE!,,미분류,,,,,#VALUE!
676,#VALUE!,,미분류,,,,,#VALUE!
677,#VALUE!,,미분류,,,,,#VALUE!
678,#VALUE!,,미분류,,,,,#VALUE!
679,#VALUE!,,미분류,,,,,#VALUE!
680,#VALUE!,,미분류,,,,,#VALUE!
681,#VALUE!,,미분류,,,,,#VALUE!
682,#VALUE!,,미분류,,,,,#VALUE!
683,#VALUE!,,미분류,,,,,#VALUE!
684,#VALUE!,,미분류,,,,,#VALUE!
685,#VALUE!,,미분류,,,,,#VALUE!
686,#VALUE!,,미분류,,,,,#VALUE!
687,#VALUE!,,미분류,,,,,#VALUE!
688,#VALUE!,,미분류,,,,,#VALUE!
689,#VALUE!,,미분류,,,,,#VALUE!
690,#VALUE!,,미분류,,,,,#VALUE!
691,#VALUE!,,미분류,,,,,#VALUE!
692,#VALUE!,,미분류,,,,,#VALUE!
693,#VALUE!,,미분류,,,,,#VALUE!
694,#VALUE!,,미분류,,,,,#VALUE!
695,#VALUE!,,미분류,,,,,#VALUE!
696,#VALUE!,,미분류,,,,,#VALUE!
697,#VALUE!,,미분류,,,,,#VALUE!
698,#VALUE!,,미분류,,,,,#VALUE!
699,#VALUE!,,미분류,,,,,#VALUE!
700,#VALUE!,,미분류,,,,,#VALUE!
701,#VALUE!,,미분류,,,,,#VALUE!
702,#VALUE!,,미분류,,,,,#VALUE!
703,#VALUE!,,미분류,,,,,#VALUE!
704,#VALUE!,,미분류,,,,,#VALUE!
705,#VALUE!,,미분류,,,,,#VALUE!
706,#VALUE!,,미분류,,,,,#VALUE!
707,#VALUE!,,미분류,,,,,#VALUE!
708,#VALUE!,,미분류,,,,,#VALUE!
709,#VALUE!,,미분류,,,,,#VALUE!
710,#VALUE!,,미분류,,,,,#VALUE!
711,#VALUE!,,미분류,,,,,#VALUE!
712,#VALUE!,,미분류,,,,,#VALUE!
713,#VALUE!,,미분류,,,,,#VALUE!
714,#VALUE!,,미분류,,,,,#VALUE!
715,#VALUE!,,미분류,,,,,#VALUE!
716,#VALUE!,,미분류,,,,,#VALUE!
717,#VALUE!,,미분류,,,,,#VALUE!
718,#VALUE!,,미분류,,,,,#VALUE!
719,#VALUE!,,미분류,,,,,#VALUE!
720,#VALUE!,,미분류,,,,,#VALUE!
721,#VALUE!,,미분류,,,,,#VALUE!
722,#VALUE!,,미분류,,,,,#VALUE!
723,#VALUE!,,미분류,,,,,#VALUE!
724,#VALUE!,,미분류,,,,,#VALUE!
725,#VALUE!,,미분류,,,,,#VALUE!
726,#VALUE!,,미분류,,,,,#VALUE!
727,#VALUE!,,미분류,,,,,#VALUE!
728,#VALUE!,,미분류,,,,,#VALUE!
729,#VALUE!,,미분류,,,,,#VALUE!
730,#VALUE!,,미분류,,,,,#VALUE!
731,#VALUE!,,미분류,,,,,#VALUE!
732,#VALUE!,,미분류,,,,,#VALUE!
733,#VALUE!,,미분류,,,,,#VALUE!
734,#VALUE!,,미분류,,,,,#VALUE!
735,#VALUE!,,미분류,,,,,#VALUE!
736,#VALUE!,,미분류,,,,,#VALUE!
737,#VALUE!,,미분류,,,,,#VALUE!
738,#VALUE!,,미분류,,,,,#VALUE!
739,#VALUE!,,미분류,,,,,#VALUE!
740,#VALUE!,,미분류,,,,,#VALUE!
741,#VALUE!,,미분류,,,,,#VALUE!
742,#VALUE!,,미분류,,,,,#VALUE!
743,#VALUE!,,미분류,,,,,#VALUE!
744,#VALUE!,,미분류,,,,,#VALUE!
745,#VALUE!,,미분류,,,,,#VALUE!
746,#VALUE!,,미분류,,,,,#VALUE!
747,#VALUE!,,미분류,,,,,#VALUE!
748,#VALUE!,,미분류,,,,,#VALUE!
749,#VALUE!,,미분류,,,,,#VALUE!
750,#VALUE!,,미분류,,,,,#VALUE!
751,#VALUE!,,미분류,,,,,#VALUE!
752,#VALUE!,,미분류,,,,,#VALUE!
753,#VALUE!,,미분류,,,,,#VALUE!
754,#VALUE!,,미분류,,,,,#VALUE!
755,#VALUE!,,미분류,,,,,#VALUE!
756,#VALUE!,,미분류,,,,,#VALUE!
757,#VALUE!,,미분류,,,,,#VALUE!
758,#VALUE!,,미분류,,,,,#VALUE!
759,#VALUE!,,미분류,,,,,#VALUE!
760,#VALUE!,,미분류,,,,,#VALUE!
761,#VALUE!,,미분류,,,,,#VALUE!
762,#VALUE!,,미분류,,,,,#VALUE!
763,#VALUE!,,미분류,,,,,#VALUE!
764,#VALUE!,,미분류,,,,,#VALUE!
765,#VALUE!,,미분류,,,,,#VALUE!
766,#VALUE!,,미분류,,,,,#VALUE!
767,#VALUE!,,미분류,,,,,#VALUE!
768,#VALUE!,,미분류,,,,,#VALUE!
769,#VALUE!,,미분류,,,,,#VALUE!
770,#VALUE!,,미분류,,,,,#VALUE!
771,#VALUE!,,미분류,,,,,#VALUE!
772,#VALUE!,,미분류,,,,,#VALUE!
773,#VALUE!,,미분류,,,,,#VALUE!
774,#VALUE!,,미분류,,,,,#VALUE!
775,#VALUE!,,미분류,,,,,#VALUE!
776,#VALUE!,,미분류,,,,,#VALUE!
777,#VALUE!,,미분류,,,,,#VALUE!
778,#VALUE!,,미분류,,,,,#VALUE!
779,#VALUE!,,미분류,,,,,#VALUE!
780,#VALUE!,,미분류,,,,,#VALUE!
781,#VALUE!,,미분류,,,,,#VALUE!
782,#VALUE!,,미분류,,,,,#VALUE!
783,#VALUE!,,미분류,,,,,#VALUE!
784,#VALUE!,,미분류,,,,,#VALUE!
785,#VALUE!,,미분류,,,,,#VALUE!
786,#VALUE!,,미분류,,,,,#VALUE!
787,#VALUE!,,미분류,,,,,#VALUE!
788,#VALUE!,,미분류,,,,,#VALUE!
789,#VALUE!,,미분류,,,,,#VALUE!
790,#VALUE!,,미분류,,,,,#VALUE!
791,#VALUE!,,미분류,,,,,#VALUE!
792,#VALUE!,,미분류,,,,,#VALUE!
793,#VALUE!,,미분류,,,,,#VALUE!
794,#VALUE!,,미분류,,,,,#VALUE!
795,#VALUE!,,미분류,,,,,#VALUE!
796,#VALUE!,,미분류,,,,,#VALUE!
797,#VALUE!,,미분류,,,,,#VALUE!
798,#VALUE!,,미분류,,,,,#VALUE!
799,#VALUE!,,미분류,,,,,#VALUE!
800,#VALUE!,,미분류,,,,,#VALUE!
801,#VALUE!,,미분류,,,,,#VALUE!
802,#VALUE!,,미분류,,,,,#VALUE!
803,#VALUE!,,미분류,,,,,#VALUE!
804,#VALUE!,,미분류,,,,,#VALUE!
805,#VALUE!,,미분류,,,,,#VALUE!
806,#VALUE!,,미분류,,,,,#VALUE!
807,#VALUE!,,미분류,,,,,#VALUE!
808,#VALUE!,,미분류,,,,,#VALUE!
809,#VALUE!,,미분류,,,,,#VALUE!
810,#VALUE!,,미분류,,,,,#VALUE!
811,#VALUE!,,미분류,,,,,#VALUE!
812,#VALUE!,,미분류,,,,,#VALUE!
813,#VALUE!,,미분류,,,,,#VALUE!
814,#VALUE!,,미분류,,,,,#VALUE!
815,#VALUE!,,미분류,,,,,#VALUE!
816,#VALUE!,,미분류,,,,,#VALUE!
817,#VALUE!,,미분류,,,,,#VALUE!
818,#VALUE!,,미분류,,,,,#VALUE!
819,#VALUE!,,미분류,,,,,#VALUE!
820,#VALUE!,,미분류,,,,,#VALUE!
821,#VALUE!,,미분류,,,,,#VALUE!
822,#VALUE!,,미분류,,,,,#VALUE!
823,#VALUE!,,미분류,,,,,#VALUE!
824,#VALUE!,,미분류,,,,,#VALUE!
825,#VALUE!,,미분류,,,,,#VALUE!
826,#VALUE!,,미분류,,,,,#VALUE!
827,#VALUE!,,미분류,,,,,#VALUE!
828,#VALUE!,,미분류,,,,,#VALUE!
829,#VALUE!,,미분류,,,,,#VALUE!
830,#VALUE!,,미분류,,,,,#VALUE!
831,#VALUE!,,미분류,,,,,#VALUE!
832,#VALUE!,,미분류,,,,,#VALUE!
833,#VALUE!,,미분류,,,,,#VALUE!
834,#VALUE!,,미분류,,,,,#VALUE!
835,#VALUE!,,미분류,,,,,#VALUE!
836,#VALUE!,,미분류,,,,,#VALUE!
837,#VALUE!,,미분류,,,,,#VALUE!
838,#VALUE!,,미분류,,,,,#VALUE!
839,#VALUE!,,미분류,,,,,#VALUE!
840,#VALUE!,,미분류,,,,,#VALUE!
841,#VALUE!,,미분류,,,,,#VALUE!
842,#VALUE!,,미분류,,,,,#VALUE!
843,#VALUE!,,미분류,,,,,#VALUE!
844,#VALUE!,,미분류,,,,,#VALUE!
845,#VALUE!,,미분류,,,,,#VALUE!
846,#VALUE!,,미분류,,,,,#VALUE!
847,#VALUE!,,미분류,,,,,#VALUE!
848,#VALUE!,,미분류,,,,,#VALUE!
849,#VALUE!,,미분류,,,,,#VALUE!
850,#VALUE!,,미분류,,,,,#VALUE!
851,#VALUE!,,미분류,,,,,#VALUE!
852,#VALUE!,,미분류,,,,,#VALUE!
853,#VALUE!,,미분류,,,,,#VALUE!
854,#VALUE!,,미분류,,,,,#VALUE!
855,#VALUE!,,미분류,,,,,#VALUE!
856,#VALUE!,,미분류,,,,,#VALUE!
857,#VALUE!,,미분류,,,,,#VALUE!
858,#VALUE!,,미분류,,,,,#VALUE!
859,#VALUE!,,미분류,,,,,#VALUE!
860,#VALUE!,,미분류,,,,,#VALUE!
861,#VALUE!,,미분류,,,,,#VALUE!
862,#VALUE!,,미분류,,,,,#VALUE!
863,#VALUE!,,미분류,,,,,#VALUE!
864,#VALUE!,,미분류,,,,,#VALUE!
865,#VALUE!,,미분류,,,,,#VALUE!
866,#VALUE!,,미분류,,,,,#VALUE!
867,#VALUE!,,미분류,,,,,#VALUE!
868,#VALUE!,,미분류,,,,,#VALUE!
869,#VALUE!,,미분류,,,,,#VALUE!
870,#VALUE!,,미분류,,,,,#VALUE!
871,#VALUE!,,미분류,,,,,#VALUE!
872,#VALUE!,,미분류,,,,,#VALUE!
873,#VALUE!,,미분류,,,,,#VALUE!
874,#VALUE!,,미분류,,,,,#VALUE!
875,#VALUE!,,미분류,,,,,#VALUE!
876,#VALUE!,,미분류,,,,,#VALUE!
877,#VALUE!,,미분류,,,,,#VALUE!
878,#VALUE!,,미분류,,,,,#VALUE!
879,#VALUE!,,미분류,,,,,#VALUE!
880,#VALUE!,,미분류,,,,,#VALUE!
881,#VALUE!,,미분류,,,,,#VALUE!
882,#VALUE!,,미분류,,,,,#VALUE!
883,#VALUE!,,미분류,,,,,#VALUE!
884,#VALUE!,,미분류,,,,,#VALUE!
885,#VALUE!,,미분류,,,,,#VALUE!
886,#VALUE!,,미분류,,,,,#VALUE!
887,#VALUE!,,미분류,,,,,#VALUE!
888,#VALUE!,,미분류,,,,,#VALUE!
889,#VALUE!,,미분류,,,,,#VALUE!
890,#VALUE!,,미분류,,,,,#VALUE!
891,#VALUE!,,미분류,,,,,#VALUE!
892,#VALUE!,,미분류,,,,,#VALUE!
893,#VALUE!,,미분류,,,,,#VALUE!
894,#VALUE!,,미분류,,,,,#VALUE!
895,#VALUE!,,미분류,,,,,#VALUE!
896,#VALUE!,,미분류,,,,,#VALUE!
897,#VALUE!,,미분류,,,,,#VALUE!
898,#VALUE!,,미분류,,,,,#VALUE!
899,#VALUE!,,미분류,,,,,#VALUE!
900,#VALUE!,,미분류,,,,,#VALUE!
901,#VALUE!,,미분류,,,,,#VALUE!
902,#VALUE!,,미분류,,,,,#VALUE!
903,#VALUE!,,미분류,,,,,#VALUE!
904,#VALUE!,,미분류,,,,,#VALUE!
905,#VALUE!,,미분류,,,,,#VALUE!
906,#VALUE!,,미분류,,,,,#VALUE!
907,#VALUE!,,미분류,,,,,#VALUE!
908,#VALUE!,,미분류,,,,,#VALUE!
909,#VALUE!,,미분류,,,,,#VALUE!
910,#VALUE!,,미분류,,,,,#VALUE!
911,#VALUE!,,미분류,,,,,#VALUE!
912,#VALUE!,,미분류,,,,,#VALUE!
913,#VALUE!,,미분류,,,,,#VALUE!
914,#VALUE!,,미분류,,,,,#VALUE!
915,#VALUE!,,미분류,,,,,#VALUE!
916,#VALUE!,,미분류,,,,,#VALUE!
917,#VALUE!,,미분류,,,,,#VALUE!
918,#VALUE!,,미분류,,,,,#VALUE!
919,#VALUE!,,미분류,,,,,#VALUE!
920,#VALUE!,,미분류,,,,,#VALUE!
921,#VALUE!,,미분류,,,,,#VALUE!
922,#VALUE!,,미분류,,,,,#VALUE!
923,#VALUE!,,미분류,,,,,#VALUE!
924,#VALUE!,,미분류,,,,,#VALUE!
925,#VALUE!,,미분류,,,,,#VALUE!
926,#VALUE!,,미분류,,,,,#VALUE!
927,#VALUE!,,미분류,,,,,#VALUE!
928,#VALUE!,,미분류,,,,,#VALUE!
929,#VALUE!,,미분류,,,,,#VALUE!
930,#VALUE!,,미분류,,,,,#VALUE!
931,#VALUE!,,미분류,,,,,#VALUE!
932,#VALUE!,,미분류,,,,,#VALUE!
933,#VALUE!,,미분류,,,,,#VALUE!
934,#VALUE!,,미분류,,,,,#VALUE!
935,#VALUE!,,미분류,,,,,#VALUE!
936,#VALUE!,,미분류,,,,,#VALUE!
937,#VALUE!,,미분류,,,,,#VALUE!
938,#VALUE!,,미분류,,,,,#VALUE!
939,#VALUE!,,미분류,,,,,#VALUE!
940,#VALUE!,,미분류,,,,,#VALUE!
941,#VALUE!,,미분류,,,,,#VALUE!
942,#VALUE!,,미분류,,,,,#VALUE!
943,#VALUE!,,미분류,,,,,#VALUE!
944,#VALUE!,,미분류,,,,,#VALUE!
945,#VALUE!,,미분류,,,,,#VALUE!
946,#VALUE!,,미분류,,,,,#VALUE!
947,#VALUE!,,미분류,,,,,#VALUE!
948,#VALUE!,,미분류,,,,,#VALUE!
949,#VALUE!,,미분류,,,,,#VALUE!
950,#VALUE!,,미분류,,,,,#VALUE!
951,#VALUE!,,미분류,,,,,#VALUE!
952,#VALUE!,,미분류,,,,,#VALUE!
953,#VALUE!,,미분류,,,,,#VALUE!
954,#VALUE!,,미분류,,,,,#VALUE!
955,#VALUE!,,미분류,,,,,#VALUE!
956,#VALUE!,,미분류,,,,,#VALUE!
957,#VALUE!,,미분류,,,,,#VALUE!
958,#VALUE!,,미분류,,,,,#VALUE!
959,#VALUE!,,미분류,,,,,#VALUE!
960,#VALUE!,,미분류,,,,,#VALUE!
961,#VALUE!,,미분류,,,,,#VALUE!
962,#VALUE!,,미분류,,,,,#VALUE!
963,#VALUE!,,미분류,,,,,#VALUE!
964,#VALUE!,,미분류,,,,,#VALUE!
965,#VALUE!,,미분류,,,,,#VALUE!
966,#VALUE!,,미분류,,,,,#VALUE!
967,#VALUE!,,미분류,,,,,#VALUE!
968,#VALUE!,,미분류,,,,,#VALUE!
969,#VALUE!,,미분류,,,,,#VALUE!
970,#VALUE!,,미분류,,,,,#VALUE!
971,#VALUE!,,미분류,,,,,#VALUE!
972,#VALUE!,,미분류,,,,,#VALUE!
973,#VALUE!,,미분류,,,,,#VALUE!
974,#VALUE!,,미분류,,,,,#VALUE!
975,#VALUE!,,미분류,,,,,#VALUE!
976,#VALUE!,,미분류,,,,,#VALUE!
977,#VALUE!,,미분류,,,,,#VALUE!
978,#VALUE!,,미분류,,,,,#VALUE!
979,#VALUE!,,미분류,,,,,#VALUE!
980,#VALUE!,,미분류,,,,,#VALUE!
981,#VALUE!,,미분류,,,,,#VALUE!
982,#VALUE!,,미분류,,,,,#VALUE!
983,#VALUE!,,미분류,,,,,#VALUE!
984,#VALUE!,,미분류,,,,,#VALUE!
985,#VALUE!,,미분류,,,,,#VALUE!
986,#VALUE!,,미분류,,,,,#VALUE!
987,#VALUE!,,미분류,,,,,#VALUE!
988,#VALUE!,,미분류,,,,,#VALUE!
989,#VALUE!,,미분류,,,,,#VALUE!
990,#VALUE!,,미분류,,,,,#VALUE!
991,#VALUE!,,미분류,,,,,#VALUE!
992,#VALUE!,,미분류,,,,,#VALUE!
993,#VALUE!,,미분류,,,,,#VALUE!
994,#VALUE!,,미분류,,,,,#VALUE!
995,#VALUE!,,미분류,,,,,#VALUE!
996,#VALUE!,,미분류,,,,,#VALUE!
997,#VALUE!,,미분류,,,,,#VALUE!
998,#VALUE!,,미분류,,,,,#VALUE!
999,#VALUE!,,미분류,,,,,#VALUE!
1000,#VALUE!,,미분류,,,,,#VALUE!
